171,582,1.107,-4,323,-1,10,11
163,587,1.107,-3,323,10,11,12
154,592,1.107,-2,323,11,12,13
146,597,1.107,-1,323,12,13,14
137,602,1.107,0,323,13,14,15
128,607,1.107,1,323,14,15,16
120,612,1.107,2,323,15,16,17
111,618,1.107,3,323,16,17,18
103,623,1.107,4,323,17,18,19
94,628,1.107,5,323,18,19,-1
175,588,0.896,-4,324,-1,20,21
166,593,0.896,-3,324,20,21,22
158,598,0.896,-2,324,21,22,23
149,603,0.896,-1,324,22,23,24
140,608,0.896,0,324,23,24,25
132,612,0.896,1,324,24,25,26
123,617,0.896,2,324,25,26,27
114,622,0.896,3,324,26,27,28
105,627,0.896,4,324,27,28,29
97,632,0.896,5,324,28,29,-1
179,594,1.166,-4,325,-1,30,31
170,599,1.166,-3,325,30,31,32
161,604,1.166,-2,325,31,32,33
152,609,1.166,-1,325,32,33,34
144,613,1.166,0,325,33,34,35
135,618,1.166,1,325,34,35,36
126,623,1.166,2,325,35,36,37
117,628,1.166,3,325,36,37,38
108,633,1.166,4,325,37,38,39
100,637,1.166,5,325,38,39,40
182,601,0.983,-4,326,-1,-1,41
173,605,0.983,-3,326,-1,41,42
165,610,0.983,-2,326,41,42,43
156,615,0.983,-1,326,42,43,44
147,620,0.983,0,326,43,44,45
138,625,0.983,1,326,44,45,46
129,629,0.983,2,326,45,46,47
121,634,0.983,3,326,46,47,48
112,639,0.983,4,326,47,48,49
103,644,0.983,5,326,48,49,50
94,649,0.983,6,326,49,50,-1
177,612,1.166,-3,327,-1,51,52
168,617,1.166,-2,327,51,52,53
159,622,1.166,-1,327,52,53,54
151,626,1.166,0,327,53,54,55
142,631,1.166,1,327,54,55,56
133,636,1.166,2,327,55,56,57
124,641,1.166,3,327,56,57,58
116,646,1.166,4,327,57,58,59
107,651,1.166,5,327,58,59,60
98,655,1.166,6,327,59,60,-1
181,619,1.052,-3,328,-1,61,62
172,624,1.052,-2,328,61,62,63
163,628,1.052,-1,328,62,63,64
154,633,1.052,0,328,63,64,65
146,638,1.052,1,328,64,65,66
137,643,1.052,2,328,65,66,67
128,648,1.052,3,328,66,67,68
120,653,1.052,4,328,67,68,69
111,658,1.052,5,328,68,69,70
102,663,1.052,6,328,69,70,71
184,625,1.012,-3,329,-1,72,73
176,630,1.012,-2,329,72,73,74
167,635,1.012,-1,329,73,74,75
158,640,1.012,0,329,74,75,76
150,645,1.012,1,329,75,76,77
141,650,1.012,2,329,76,77,78
133,655,1.012,3,329,77,78,79
124,661,1.012,4,329,78,79,80
115,666,1.012,5,329,79,80,81
107,671,1.012,6,329,80,81,82
98,676,1.012,7,329,81,82,83
188,632,1.052,-3,330,-1,84,85
180,637,1.052,-2,330,84,85,86
171,642,1.052,-1,330,85,86,87
163,648,1.052,0,330,86,87,88
154,653,1.052,1,330,87,88,89
145,658,1.052,2,330,88,89,90
137,663,1.052,3,330,89,90,91
128,668,1.052,4,330,90,91,92
120,673,1.052,5,330,91,92,93
111,679,1.052,6,330,92,93,94
103,684,1.052,7,330,93,94,95
94,689,1.052,8,330,94,95,-1
192,639,1.052,-3,331,-1,96,97
184,644,1.052,-2,331,96,97,98
175,649,1.052,-1,331,97,98,99
167,655,1.052,0,331,98,99,100
158,660,1.052,1,331,99,100,101
150,665,1.052,2,331,100,101,102
142,671,1.052,3,331,101,102,103
133,676,1.052,4,331,102,103,104
125,681,1.052,5,331,103,104,105
116,687,1.052,6,331,104,105,106
108,692,1.052,7,331,105,106,107
99,697,1.052,8,331,106,107,-1
196,645,0.951,-3,332,-1,108,109
188,651,0.951,-2,332,108,109,110
180,656,0.951,-1,332,109,110,111
171,662,0.951,0,332,110,111,112
163,667,0.951,1,332,111,112,113
155,673,0.951,2,332,112,113,114
146,678,0.951,3,332,113,114,115
138,684,0.951,4,332,114,115,116
129,689,0.951,5,332,115,116,117
121,695,0.951,6,332,116,117,118
113,700,0.951,7,332,117,118,119
104,705,0.951,8,332,118,119,120
201,652,0.983,-3,333,-1,121,122
192,657,0.983,-2,333,121,122,123
184,663,0.983,-1,333,122,123,124
176,669,0.983,0,333,123,124,125
168,674,0.983,1,333,124,125,126
159,680,0.983,2,333,125,126,127
151,685,0.983,3,333,126,127,128
143,691,0.983,4,333,127,128,129
134,697,0.983,5,333,128,129,130
126,702,0.983,6,333,129,130,131
118,708,0.983,7,333,130,131,132
110,713,0.983,8,333,131,132,133
101,719,0.983,9,333,132,133,-1
205,658,0.951,-3,334,-1,134,135
197,664,0.951,-2,334,134,135,136
189,669,0.951,-1,334,135,136,137
180,675,0.951,0,334,136,137,138
172,681,0.951,1,334,137,138,139
164,687,0.951,2,334,138,139,140
156,692,0.951,3,334,139,140,141
148,698,0.951,4,334,140,141,142
139,704,0.951,5,334,141,142,143
131,710,0.951,6,334,142,143,144
123,715,0.951,7,334,143,144,145
115,721,0.951,8,334,144,145,146
107,727,0.951,9,334,145,146,147
209,664,0.983,-3,335,-1,148,149
201,670,0.983,-2,335,148,149,150
193,676,0.983,-1,335,149,150,151
185,682,0.983,0,335,150,151,152
177,688,0.983,1,335,151,152,153
169,693,0.983,2,335,152,153,154
161,699,0.983,3,335,153,154,155
152,705,0.983,4,335,154,155,156
144,711,0.983,5,335,155,156,157
136,717,0.983,6,335,156,157,158
128,723,0.983,7,335,157,158,159
120,728,0.983,8,335,158,159,160
112,734,0.983,9,335,159,160,161
104,740,0.983,10,335,160,161,-1
214,670,0.876,-3,336,-1,162,163
206,676,0.876,-2,336,162,163,164
197,682,0.876,-1,336,163,164,165
189,688,0.876,0,336,164,165,166
181,694,0.876,1,336,165,166,167
173,700,0.876,2,336,166,167,168
165,706,0.876,3,336,167,168,169
157,712,0.876,4,336,168,169,170
149,718,0.876,5,336,169,170,171
141,723,0.876,6,336,170,171,172
133,729,0.876,7,336,171,172,173
125,735,0.876,8,336,172,173,174
117,741,0.876,9,336,173,174,175
109,747,0.876,10,336,174,175,176
218,676,0.983,-3,337,-1,177,178
210,682,0.983,-2,337,177,178,179
202,688,0.983,-1,337,178,179,180
194,694,0.983,0,337,179,180,181
186,700,0.983,1,337,180,181,182
178,706,0.983,2,337,181,182,183
170,712,0.983,3,337,182,183,184
162,718,0.983,4,337,183,184,185
154,724,0.983,5,337,184,185,186
146,730,0.983,6,337,185,186,187
138,736,0.983,7,337,186,187,188
130,742,0.983,8,337,187,188,189
122,748,0.983,9,337,188,189,190
114,754,0.983,10,337,189,190,-1
106,760,0.983,11,337,190,-1,-1
222,682,0.876,-3,338,-1,-1,191
214,688,0.876,-2,338,-1,191,192
206,694,0.876,-1,338,191,192,193
198,700,0.876,0,338,192,193,194
190,706,0.876,1,338,193,194,195
182,712,0.876,2,338,194,195,196
174,718,0.876,3,338,195,196,197
166,724,0.876,4,338,196,197,198
159,730,0.876,5,338,197,198,199
151,736,0.876,6,338,198,199,200
143,742,0.876,7,338,199,200,201
135,748,0.876,8,338,200,201,202
127,755,0.876,9,338,201,202,203
119,761,0.876,10,338,202,203,-1
219,694,0.896,-2,339,-1,204,205
211,700,0.896,-1,339,204,205,206
203,706,0.896,0,339,205,206,207
195,712,0.896,1,339,206,207,208
187,718,0.896,2,339,207,208,209
179,724,0.896,3,339,208,209,210
171,730,0.896,4,339,209,210,211
163,736,0.896,5,339,210,211,212
155,742,0.896,6,339,211,212,213
147,749,0.896,7,339,212,213,214
139,755,0.896,8,339,213,214,215
131,761,0.896,9,339,214,215,216
124,767,0.896,10,339,215,216,-1
223,699,0.983,-2,340,-1,217,218
215,705,0.983,-1,340,217,218,219
207,711,0.983,0,340,218,219,220
199,718,0.983,1,340,219,220,221
191,724,0.983,2,340,220,221,222
184,730,0.983,3,340,221,222,223
176,736,0.983,4,340,222,223,224
168,742,0.983,5,340,223,224,225
160,749,0.983,6,340,224,225,226
152,755,0.983,7,340,225,226,227
144,761,0.983,8,340,226,227,228
136,767,0.983,9,340,227,228,-1
129,773,0.983,10,340,228,-1,-1
227,704,0.785,-2,0,-1,229,230
219,711,0.785,-1,0,229,230,231
211,717,0.785,0,0,230,231,232
204,723,0.785,1,0,231,232,233
196,729,0.785,2,0,232,233,234
188,736,0.785,3,0,233,234,235
180,742,0.785,4,0,234,235,236
173,748,0.785,5,0,235,236,237
165,755,0.785,6,0,236,237,238
157,761,0.785,7,0,237,238,239
149,767,0.785,8,0,238,239,240
141,773,0.785,9,0,239,240,-1
231,710,0.983,-2,1,-1,241,242
223,716,0.983,-1,1,241,242,243
216,722,0.983,0,1,242,243,244
208,729,0.983,1,1,243,244,245
200,735,0.983,2,1,244,245,246
193,741,0.983,3,1,245,246,247
185,748,0.983,4,1,246,247,248
177,754,0.983,5,1,247,248,249
170,761,0.983,6,1,248,249,250
162,767,0.983,7,1,249,250,251
154,773,0.983,8,1,250,251,252
147,780,0.983,9,1,251,252,-1
235,715,0.896,-2,2,-1,253,254
228,721,0.896,-1,2,253,254,255
220,728,0.896,0,2,254,255,256
213,734,0.896,1,2,255,256,257
205,741,0.896,2,2,256,257,258
197,747,0.896,3,2,257,258,259
190,754,0.896,4,2,258,259,260
182,760,0.896,5,2,259,260,261
175,767,0.896,6,2,260,261,262
167,773,0.896,7,2,261,262,263
159,780,0.896,8,2,262,263,264
152,786,0.896,9,2,263,264,-1
239,719,0.785,-2,3,-1,265,266
232,726,0.785,-1,3,265,266,267
224,733,0.785,0,3,266,267,268
217,739,0.785,1,3,267,268,269
210,746,0.785,2,3,268,269,270
202,753,0.785,3,3,269,270,271
195,759,0.785,4,3,270,271,272
187,766,0.785,5,3,271,272,273
180,773,0.785,6,3,272,273,274
172,779,0.785,7,3,273,274,275
165,786,0.785,8,3,274,275,276
157,793,0.785,9,3,275,276,-1
243,724,0.785,-2,4,-1,277,278
236,731,0.785,-1,4,277,278,279
229,738,0.785,0,4,278,279,280
222,744,0.785,1,4,279,280,281
214,751,0.785,2,4,280,281,282
207,758,0.785,3,4,281,282,283
200,765,0.785,4,4,282,283,284
192,772,0.785,5,4,283,284,285
185,779,0.785,6,4,284,285,286
178,785,0.785,7,4,285,286,287
171,792,0.785,8,4,286,287,288
163,799,0.785,9,4,287,288,-1
248,728,0.785,-2,5,-1,289,290
240,735,0.785,-1,5,289,290,291
233,742,0.785,0,5,290,291,292
226,749,0.785,1,5,291,292,293
219,756,0.785,2,5,292,293,294
212,763,0.785,3,5,293,294,295
205,770,0.785,4,5,294,295,296
198,778,0.785,5,5,295,296,297
191,785,0.785,6,5,296,297,298
184,792,0.785,7,5,297,298,299
177,799,0.785,8,5,298,299,300
170,806,0.785,9,5,299,300,-1
252,732,0.675,-2,6,-1,301,302
245,740,0.675,-1,6,301,302,303
238,747,0.675,0,6,302,303,304
231,754,0.675,1,6,303,304,305
224,761,0.675,2,6,304,305,306
217,769,0.675,3,6,305,306,307
210,776,0.675,4,6,306,307,308
203,783,0.675,5,6,307,308,309
197,790,0.675,6,6,308,309,310
190,798,0.675,7,6,309,310,311
183,805,0.675,8,6,310,311,312
176,812,0.675,9,6,311,312,-1
256,736,0.785,-2,7,-1,313,314
249,744,0.785,-1,7,313,314,315
243,751,0.785,0,7,314,315,316
236,759,0.785,1,7,315,316,317
229,766,0.785,2,7,316,317,318
223,774,0.785,3,7,317,318,319
216,781,0.785,4,7,318,319,320
209,789,0.785,5,7,319,320,321
203,796,0.785,6,7,320,321,322
196,804,0.785,7,7,321,322,323
189,811,0.785,8,7,322,323,324
183,819,0.785,9,7,323,324,-1
260,740,0.675,-2,8,-1,-1,325
254,748,0.675,-1,8,-1,325,326
247,755,0.675,0,8,325,326,327
241,763,0.675,1,8,326,327,328
234,771,0.675,2,8,327,328,329
228,779,0.675,3,8,328,329,330
222,786,0.675,4,8,329,330,331
215,794,0.675,5,8,330,331,332
209,802,0.675,6,8,331,332,333
202,809,0.675,7,8,332,333,334
196,817,0.675,8,8,333,334,335
190,825,0.675,9,8,334,335,-1
258,752,0.675,-1,9,-1,336,337
252,759,0.675,0,9,336,337,338
246,767,0.675,1,9,337,338,339
240,775,0.675,2,9,338,339,340
234,783,0.675,3,9,339,340,341
228,791,0.675,4,9,340,341,342
221,799,0.675,5,9,341,342,343
215,807,0.675,6,9,342,343,344
209,815,0.675,7,9,343,344,345
203,823,0.675,8,9,344,345,-1
197,831,0.675,9,9,345,-1,-1
263,755,0.675,-1,10,-1,346,347
257,763,0.675,0,10,346,347,348
251,771,0.675,1,10,347,348,349
245,780,0.675,2,10,348,349,350
240,788,0.675,3,10,349,350,351
234,796,0.675,4,10,350,351,352
228,804,0.675,5,10,351,352,353
222,812,0.675,6,10,352,353,354
216,820,0.675,7,10,353,354,355
210,828,0.675,8,10,354,355,-1
268,759,0.675,-1,11,-1,356,357
262,767,0.675,0,11,356,357,358
257,775,0.675,1,11,357,358,359
251,784,0.675,2,11,358,359,360
245,792,0.675,3,11,359,360,361
240,800,0.675,4,11,360,361,362
234,808,0.675,5,11,361,362,363
229,817,0.675,6,11,362,363,364
223,825,0.675,7,11,363,364,365
218,833,0.675,8,11,364,365,-1
273,762,0.464,-1,12,-1,366,367
267,771,0.464,0,12,366,367,368
262,779,0.464,1,12,367,368,369
257,787,0.464,2,12,368,369,370
251,796,0.464,3,12,369,370,371
246,804,0.464,4,12,370,371,372
241,813,0.464,5,12,371,372,373
236,821,0.464,6,12,372,373,374
230,830,0.464,7,12,373,374,375
225,838,0.464,8,12,374,375,-1
278,765,0.54,-1,13,-1,376,377
273,774,0.54,0,13,376,377,378
268,783,0.54,1,13,377,378,379
263,791,0.54,2,13,378,379,380
258,800,0.54,3,13,379,380,381
253,808,0.54,4,13,380,381,382
247,817,0.54,5,13,381,382,383
242,826,0.54,6,13,382,383,384
237,834,0.54,7,13,383,384,-1
232,843,0.54,8,13,384,-1,-1
283,768,0.464,-1,14,-1,385,386
278,777,0.464,0,14,385,386,387
274,786,0.464,1,14,386,387,388
269,795,0.464,2,14,387,388,389
264,803,0.464,3,14,388,389,390
259,812,0.464,4,14,389,390,391
254,821,0.464,5,14,390,391,392
249,830,0.464,6,14,391,392,393
245,838,0.464,7,14,392,393,-1
289,771,0.464,-1,15,-1,394,395
284,780,0.464,0,15,394,395,396
279,789,0.464,1,15,395,396,397
275,798,0.464,2,15,396,397,398
270,807,0.464,3,15,397,398,399
266,816,0.464,4,15,398,399,400
261,825,0.464,5,15,399,400,401
256,834,0.464,6,15,400,401,402
252,842,0.464,7,15,401,402,-1
294,774,0.464,-1,16,-1,403,404
290,783,0.464,0,16,403,404,405
285,792,0.464,1,16,404,405,406
281,801,0.464,2,16,405,406,407
277,810,0.464,3,16,406,407,408
272,819,0.464,4,16,407,408,409
268,828,0.464,5,16,408,409,410
264,837,0.464,6,16,409,410,411
259,846,0.464,7,16,410,411,-1
300,777,0.464,-1,17,412,413,414
296,786,0.464,0,17,413,414,415
292,795,0.464,1,17,414,415,416
287,804,0.464,2,17,415,416,417
283,813,0.464,3,17,416,417,418
279,823,0.464,4,17,417,418,419
275,832,0.464,5,17,418,419,420
271,841,0.464,6,17,419,420,421
266,850,0.464,7,17,420,421,-1
310,771,0.464,-2,18,-1,422,423
306,780,0.464,-1,18,422,423,424
302,789,0.464,0,18,423,424,425
298,798,0.464,1,18,424,425,426
294,807,0.464,2,18,425,426,427
290,816,0.464,3,18,426,427,428
286,826,0.464,4,18,427,428,429
282,835,0.464,5,18,428,429,430
278,844,0.464,6,18,429,430,431
274,853,0.464,7,18,430,431,-1
316,773,0.322,-2,19,-1,432,433
312,782,0.322,-1,19,432,433,434
308,792,0.322,0,19,433,434,435
304,801,0.322,1,19,434,435,436
300,810,0.322,2,19,435,436,437
296,819,0.322,3,19,436,437,438
293,829,0.322,4,19,437,438,439
289,838,0.322,5,19,438,439,440
285,847,0.322,6,19,439,440,441
281,856,0.322,7,19,440,441,-1
322,776,0.405,-2,20,-1,442,443
318,785,0.405,-1,20,442,443,444
314,794,0.405,0,20,443,444,445
311,804,0.405,1,20,444,445,446
307,813,0.405,2,20,445,446,447
303,822,0.405,3,20,446,447,448
300,832,0.405,4,20,447,448,449
296,841,0.405,5,20,448,449,450
292,850,0.405,6,20,449,450,-1
289,859,0.405,7,20,450,-1,-1
328,778,0.322,-2,21,-1,451,452
324,787,0.322,-1,21,451,452,453
321,797,0.322,0,21,452,453,454
317,806,0.322,1,21,453,454,455
314,816,0.322,2,21,454,455,456
310,825,0.322,3,21,455,456,457
307,834,0.322,4,21,456,457,458
303,844,0.322,5,21,457,458,459
299,853,0.322,6,21,458,459,-1
334,780,0.464,-2,22,-1,460,461
330,790,0.464,-1,22,460,461,462
327,799,0.464,0,22,461,462,463
324,809,0.464,1,22,462,463,464
320,818,0.464,2,22,463,464,465
317,827,0.464,3,22,464,465,466
314,837,0.464,4,22,465,466,467
310,846,0.464,5,22,466,467,468
307,856,0.464,6,22,467,468,-1
340,783,0.278,-2,23,-1,469,470
337,792,0.278,-1,23,469,470,471
333,802,0.278,0,23,470,471,472
330,811,0.278,1,23,471,472,473
327,820,0.278,2,23,472,473,474
324,830,0.278,3,23,473,474,475
321,839,0.278,4,23,474,475,476
317,849,0.278,5,23,475,476,477
314,858,0.278,6,23,476,477,-1
346,785,0.278,-2,24,-1,478,479
343,794,0.278,-1,24,478,479,480
340,804,0.278,0,24,479,480,481
337,813,0.278,1,24,480,481,482
334,823,0.278,2,24,481,482,483
331,832,0.278,3,24,482,483,484
328,842,0.278,4,24,483,484,485
325,851,0.278,5,24,484,485,486
322,861,0.278,6,24,485,486,-1
353,787,0.322,-2,25,487,488,489
350,796,0.322,-1,25,488,489,490
347,806,0.322,0,25,489,490,491
344,815,0.322,1,25,490,491,492
341,825,0.322,2,25,491,492,493
338,835,0.322,3,25,492,493,494
335,844,0.322,4,25,493,494,495
332,854,0.322,5,25,494,495,496
329,863,0.322,6,25,495,496,-1
362,779,0.278,-3,26,-1,497,498
359,789,0.278,-2,26,497,498,499
356,798,0.278,-1,26,498,499,500
353,808,0.278,0,26,499,500,501
351,818,0.278,1,26,500,501,502
348,827,0.278,2,26,501,502,503
345,837,0.278,3,26,502,503,504
342,846,0.278,4,26,503,504,505
340,856,0.278,5,26,504,505,506
337,866,0.278,6,26,505,506,-1
368,781,0.278,-3,27,-1,507,508
365,791,0.278,-2,27,507,508,509
363,800,0.278,-1,27,508,509,510
360,810,0.278,0,27,509,510,511
358,820,0.278,1,27,510,511,512
355,829,0.278,2,27,511,512,513
352,839,0.278,3,27,512,513,514
350,849,0.278,4,27,513,514,515
347,858,0.278,5,27,514,515,516
345,868,0.278,6,27,515,516,-1
374,783,0.278,-3,28,-1,517,518
372,792,0.278,-2,28,517,518,519
370,802,0.278,-1,28,518,519,520
367,812,0.278,0,28,519,520,521
365,821,0.278,1,28,520,521,522
362,831,0.278,2,28,521,522,523
360,841,0.278,3,28,522,523,524
357,851,0.278,4,28,523,524,525
355,860,0.278,5,28,524,525,526
352,870,0.278,6,28,525,526,-1
381,784,0.142,-3,29,-1,527,528
379,794,0.142,-2,29,527,528,529
376,804,0.142,-1,29,528,529,530
374,814,0.142,0,29,529,530,531
372,823,0.142,1,29,530,531,532
369,833,0.142,2,29,531,532,533
367,843,0.142,3,29,532,533,534
365,852,0.142,4,29,533,534,535
363,862,0.142,5,29,534,535,536
360,872,0.142,6,29,535,536,-1
387,786,0.278,-3,30,-1,537,538
385,796,0.278,-2,30,537,538,539
383,805,0.278,-1,30,538,539,540
381,815,0.278,0,30,539,540,541
379,825,0.278,1,30,540,541,542
377,835,0.278,2,30,541,542,543
375,844,0.278,3,30,542,543,544
373,854,0.278,4,30,543,544,545
371,864,0.278,5,30,544,545,546
368,874,0.278,6,30,545,546,-1
394,787,0.124,-3,31,-1,547,548
392,797,0.124,-2,31,547,548,549
390,807,0.124,-1,31,548,549,550
388,817,0.124,0,31,549,550,551
386,827,0.124,1,31,550,551,552
384,836,0.124,2,31,551,552,553
382,846,0.124,3,31,552,553,554
380,856,0.124,4,31,553,554,555
378,866,0.124,5,31,554,555,556
376,876,0.124,6,31,555,556,-1
401,789,0.278,-3,32,-1,557,558
399,798,0.278,-2,32,557,558,559
397,808,0.278,-1,32,558,559,560
396,818,0.278,0,32,559,560,561
394,828,0.278,1,32,560,561,562
392,838,0.278,2,32,561,562,563
390,848,0.278,3,32,562,563,564
388,858,0.278,4,32,563,564,565
387,867,0.278,5,32,564,565,566
385,877,0.278,6,32,565,566,-1
408,790,0.142,-3,33,-1,567,568
406,800,0.142,-2,33,567,568,569
405,810,0.142,-1,33,568,569,570
403,820,0.142,0,33,569,570,571
401,829,0.142,1,33,570,571,572
400,839,0.142,2,33,571,572,573
398,849,0.142,3,33,572,573,574
396,859,0.142,4,33,573,574,575
395,869,0.142,5,33,574,575,576
393,879,0.142,6,33,575,576,-1
415,791,0.124,-3,34,-1,577,578
413,801,0.124,-2,34,577,578,579
412,811,0.124,-1,34,578,579,580
410,821,0.124,0,34,579,580,581
409,831,0.124,1,34,580,581,582
407,841,0.124,2,34,581,582,583
406,850,0.124,3,34,582,583,584
404,860,0.124,4,34,583,584,585
403,870,0.124,5,34,584,585,-1
402,880,0.124,6,34,585,-1,-1
422,792,0.124,-3,35,-1,586,587
421,802,0.124,-2,35,586,587,588
419,812,0.124,-1,35,587,588,589
418,822,0.124,0,35,588,589,590
417,832,0.124,1,35,589,590,591
415,842,0.124,2,35,590,591,592
414,852,0.124,3,35,591,592,593
413,862,0.124,4,35,592,593,594
411,871,0.124,5,35,593,594,-1
429,793,0.142,-3,36,-1,595,596
428,803,0.142,-2,36,595,596,597
427,813,0.142,-1,36,596,597,598
426,823,0.142,0,36,597,598,599
424,833,0.142,1,36,598,599,600
423,843,0.142,2,36,599,600,601
422,853,0.142,3,36,600,601,602
421,863,0.142,4,36,601,602,603
420,873,0.142,5,36,602,603,-1
436,794,0.124,-3,37,-1,604,605
435,804,0.124,-2,37,604,605,606
434,814,0.124,-1,37,605,606,607
433,824,0.124,0,37,606,607,608
432,834,0.124,1,37,607,608,609
431,844,0.124,2,37,608,609,610
430,854,0.124,3,37,609,610,611
429,864,0.124,4,37,610,611,612
428,874,0.124,5,37,611,612,-1
444,795,0,-3,38,-1,613,614
443,805,0,-2,38,613,614,615
442,815,0,-1,38,614,615,616
441,825,0,0,38,615,616,617
440,835,0,1,38,616,617,618
440,845,0,2,38,617,618,619
439,854,0,3,38,618,619,620
438,864,0,4,38,619,620,621
437,874,0,5,38,620,621,-1
451,795,0.111,-3,39,-1,622,623
451,805,0.111,-2,39,622,623,624
450,815,0.111,-1,39,623,624,625
449,825,0.111,0,39,624,625,626
449,835,0.111,1,39,625,626,627
448,845,0.111,2,39,626,627,628
447,855,0.111,3,39,627,628,629
447,865,0.111,4,39,628,629,630
446,875,0.111,5,39,629,630,-1
459,796,0,-3,40,-1,631,632
459,806,0,-2,40,631,632,633
458,816,0,-1,40,632,633,634
458,826,0,0,40,633,634,635
457,836,0,1,40,634,635,636
456,846,0,2,40,635,636,637
456,856,0,3,40,636,637,638
455,866,0,4,40,637,638,639
455,876,0,5,40,638,639,-1
467,796,0.124,-3,41,-1,640,641
467,806,0.124,-2,41,640,641,642
466,816,0.124,-1,41,641,642,643
466,826,0.124,0,41,642,643,644
465,836,0.124,1,41,643,644,645
465,846,0.124,2,41,644,645,646
465,856,0.124,3,41,645,646,647
464,866,0.124,4,41,646,647,648
464,876,0.124,5,41,647,648,-1
475,797,0,-3,42,-1,649,650
475,807,0,-2,42,649,650,651
474,817,0,-1,42,650,651,652
474,827,0,0,42,651,652,653
474,837,0,1,42,652,653,654
474,847,0,2,42,653,654,655
473,857,0,3,42,654,655,656
473,867,0,4,42,655,656,657
473,877,0,5,42,656,657,-1
483,797,0,-3,43,-1,-1,658
483,807,0,-2,43,-1,658,659
483,817,0,-1,43,658,659,660
483,827,0,0,43,659,660,661
482,837,0,1,43,660,661,662
482,847,0,2,43,661,662,663
482,857,0,3,43,662,663,664
482,867,0,4,43,663,664,665
482,877,0,5,43,664,665,-1
491,807,0,-2,44,-1,666,667
491,817,0,-1,44,666,667,668
491,827,0,0,44,667,668,669
491,837,0,1,44,668,669,670
491,847,0,2,44,669,670,671
491,857,0,3,44,670,671,672
491,867,0,4,44,671,672,673
491,877,0,5,44,672,673,-1
500,807,0,-2,45,-1,674,675
500,817,0,-1,45,674,675,676
500,827,0,0,45,675,676,677
500,837,0,1,45,676,677,678
500,847,0,2,45,677,678,679
500,857,0,3,45,678,679,680
500,867,0,4,45,679,680,681
500,877,0,5,45,680,681,-1
508,807,0,-2,46,-1,682,683
508,817,0,-1,46,682,683,684
509,827,0,0,46,683,684,685
509,837,0,1,46,684,685,686
509,847,0,2,46,685,686,687
509,857,0,3,46,686,687,688
509,867,0,4,46,687,688,689
510,877,0,5,46,688,689,-1
517,807,-0.111,-2,47,-1,690,691
517,817,-0.111,-1,47,690,691,692
517,827,-0.111,0,47,691,692,693
518,837,-0.111,1,47,692,693,694
518,847,-0.111,2,47,693,694,695
518,857,-0.111,3,47,694,695,696
519,867,-0.111,4,47,695,696,697
519,877,-0.111,5,47,696,697,-1
525,806,0,-2,48,-1,698,699
526,816,0,-1,48,698,699,700
526,826,0,0,48,699,700,701
527,836,0,1,48,700,701,702
527,846,0,2,48,701,702,703
528,856,0,3,48,702,703,704
528,866,0,4,48,703,704,705
529,876,0,5,48,704,705,-1
534,806,-0.111,-2,49,-1,706,707
535,816,-0.111,-1,49,706,707,708
535,826,-0.111,0,49,707,708,709
536,836,-0.111,1,49,708,709,710
536,846,-0.111,2,49,709,710,711
537,856,-0.111,3,49,710,711,712
537,866,-0.111,4,49,711,712,713
538,876,-0.111,5,49,712,713,-1
543,805,0,-2,50,-1,714,715
543,815,0,-1,50,714,715,716
544,825,0,0,50,715,716,717
545,835,0,1,50,716,717,718
545,845,0,2,50,717,718,719
546,855,0,3,50,718,719,720
547,865,0,4,50,719,720,721
547,875,0,5,50,720,721,-1
552,805,-0.111,-2,51,-1,722,723
552,815,-0.111,-1,51,722,723,724
553,825,-0.111,0,51,723,724,725
554,835,-0.111,1,51,724,725,726
555,845,-0.111,2,51,725,726,727
555,855,-0.111,3,51,726,727,728
556,865,-0.111,4,51,727,728,729
557,875,-0.111,5,51,728,729,-1
560,804,-0.111,-2,52,-1,730,731
561,814,-0.111,-1,52,730,731,732
562,824,-0.111,0,52,731,732,733
563,834,-0.111,1,52,732,733,734
564,844,-0.111,2,52,733,734,735
565,854,-0.111,3,52,734,735,736
566,864,-0.111,4,52,735,736,737
567,874,-0.111,5,52,736,737,-1
569,803,-0.111,-2,53,-1,738,739
570,813,-0.111,-1,53,738,739,740
571,823,-0.111,0,53,739,740,741
572,833,-0.111,1,53,740,741,742
573,843,-0.111,2,53,741,742,743
574,853,-0.111,3,53,742,743,744
575,863,-0.111,4,53,743,744,745
576,873,-0.111,5,53,744,745,-1
578,802,-0.111,-2,54,-1,746,747
579,812,-0.111,-1,54,746,747,748
580,822,-0.111,0,54,747,748,749
581,832,-0.111,1,54,748,749,750
583,842,-0.111,2,54,749,750,751
584,852,-0.111,3,54,750,751,752
585,862,-0.111,4,54,751,752,753
586,872,-0.111,5,54,752,753,-1
587,801,-0.1,-2,55,-1,754,755
588,811,-0.1,-1,55,754,755,756
589,821,-0.1,0,55,755,756,757
591,831,-0.1,1,55,756,757,758
592,841,-0.1,2,55,757,758,759
593,851,-0.1,3,55,758,759,760
594,861,-0.1,4,55,759,760,761
595,871,-0.1,5,55,760,761,-1
596,800,-0.111,-2,56,-1,762,763
597,810,-0.111,-1,56,762,763,764
599,820,-0.111,0,56,763,764,765
600,830,-0.111,1,56,764,765,766
601,840,-0.111,2,56,765,766,767
602,850,-0.111,3,56,766,767,768
604,860,-0.111,4,56,767,768,769
605,870,-0.111,5,56,768,769,-1
605,799,-0.111,-2,57,-1,770,771
606,809,-0.111,-1,57,770,771,772
608,819,-0.111,0,57,771,772,773
609,829,-0.111,1,57,772,773,774
611,839,-0.111,2,57,773,774,775
612,849,-0.111,3,57,774,775,776
613,859,-0.111,4,57,775,776,777
615,868,-0.111,5,57,776,777,-1
614,798,-0.219,-2,58,-1,778,779
615,808,-0.219,-1,58,778,779,780
617,818,-0.219,0,58,779,780,781
618,828,-0.219,1,58,780,781,782
620,837,-0.219,2,58,781,782,783
621,847,-0.219,3,58,782,783,784
623,857,-0.219,4,58,783,784,785
624,867,-0.219,5,58,784,785,-1
623,797,-0.111,-2,59,-1,786,787
624,806,-0.111,-1,59,786,787,788
626,816,-0.111,0,59,787,788,789
628,826,-0.111,1,59,788,789,790
629,836,-0.111,2,59,789,790,791
631,846,-0.111,3,59,790,791,792
632,856,-0.111,4,59,791,792,793
634,866,-0.111,5,59,792,793,-1
632,795,-0.219,-2,60,-1,794,795
633,805,-0.219,-1,60,794,795,796
635,815,-0.219,0,60,795,796,797
637,825,-0.219,1,60,796,797,798
638,835,-0.219,2,60,797,798,799
640,844,-0.219,3,60,798,799,800
642,854,-0.219,4,60,799,800,801
644,864,-0.219,5,60,800,801,-1
640,794,-0.111,-2,61,-1,802,803
642,803,-0.111,-1,61,802,803,804
644,813,-0.111,0,61,803,804,805
646,823,-0.111,1,61,804,805,806
648,833,-0.111,2,61,805,806,807
649,843,-0.111,3,61,806,807,808
651,853,-0.111,4,61,807,808,809
653,862,-0.111,5,61,808,809,810
649,792,-0.219,-2,62,-1,811,812
651,802,-0.219,-1,62,811,812,813
653,812,-0.219,0,62,812,813,814
655,821,-0.219,1,62,813,814,815
657,831,-0.219,2,62,814,815,816
659,841,-0.219,3,62,815,816,817
661,851,-0.219,4,62,816,817,818
663,861,-0.219,5,62,817,818,819
665,871,-0.219,6,62,818,819,-1
658,790,-0.219,-2,63,-1,-1,820
660,800,-0.219,-1,63,-1,820,821
662,810,-0.219,0,63,820,821,822
664,820,-0.219,1,63,821,822,823
666,829,-0.219,2,63,822,823,824
668,839,-0.219,3,63,823,824,825
670,849,-0.219,4,63,824,825,826
672,859,-0.219,5,63,825,826,827
674,869,-0.219,6,63,826,827,-1
669,798,-0.219,-1,64,-1,828,829
671,808,-0.219,0,64,828,829,830
673,818,-0.219,1,64,829,830,831
675,828,-0.219,2,64,830,831,832
677,837,-0.219,3,64,831,832,833
679,847,-0.219,4,64,832,833,834
682,857,-0.219,5,64,833,834,835
684,867,-0.219,6,64,834,835,836
677,796,-0.245,-1,65,-1,837,838
680,806,-0.245,0,65,837,838,839
682,816,-0.245,1,65,838,839,840
684,826,-0.245,2,65,839,840,841
686,835,-0.245,3,65,840,841,842
689,845,-0.245,4,65,841,842,843
691,855,-0.245,5,65,842,843,844
693,865,-0.245,6,65,843,844,845
696,874,-0.245,7,65,844,845,-1
686,794,-0.219,-1,66,-1,846,847
688,804,-0.219,0,66,846,847,848
691,814,-0.219,1,66,847,848,849
693,823,-0.219,2,66,848,849,850
695,833,-0.219,3,66,849,850,851
698,843,-0.219,4,66,850,851,852
700,853,-0.219,5,66,851,852,853
703,862,-0.219,6,66,852,853,854
705,872,-0.219,7,66,853,854,-1
694,792,-0.245,-1,67,-1,855,856
697,802,-0.245,0,67,855,856,857
699,812,-0.245,1,67,856,857,858
702,821,-0.245,2,67,857,858,859
705,831,-0.245,3,67,858,859,860
707,841,-0.245,4,67,859,860,861
710,850,-0.245,5,67,860,861,862
712,860,-0.245,6,67,861,862,-1
715,870,-0.245,7,67,862,863,-1
703,790,-0.322,-1,68,-1,-1,864
705,800,-0.322,0,68,-1,864,865
708,809,-0.322,1,68,864,865,866
711,819,-0.322,2,68,865,866,867
713,829,-0.322,3,68,866,867,868
716,838,-0.322,4,68,867,868,869
719,848,-0.322,5,68,868,869,870
721,858,-0.322,6,68,869,870,871
724,867,-0.322,7,68,870,871,-1
714,797,-0.245,0,69,-1,872,873
717,807,-0.245,1,69,872,873,874
719,817,-0.245,2,69,873,874,875
722,826,-0.245,3,69,874,875,876
725,836,-0.245,4,69,875,876,877
728,845,-0.245,5,69,876,877,878
731,855,-0.245,6,69,877,878,879
733,865,-0.245,7,69,878,879,-1
722,795,-0.359,0,70,-1,880,881
725,805,-0.359,1,70,880,881,882
728,814,-0.359,2,70,881,882,883
731,824,-0.359,3,70,882,883,884
734,833,-0.359,4,70,883,884,885
737,843,-0.359,5,70,884,885,886
740,852,-0.359,6,70,885,886,887
743,862,-0.359,7,70,886,887,-1
730,792,-0.245,0,71,-1,888,889
733,802,-0.245,1,71,888,889,890
737,812,-0.245,2,71,889,890,891
740,821,-0.245,3,71,890,891,892
743,831,-0.245,4,71,891,892,893
746,840,-0.245,5,71,892,893,894
749,850,-0.245,6,71,893,894,895
752,859,-0.245,7,71,894,895,896
738,790,-0.359,0,72,-1,897,898
742,799,-0.359,1,72,897,898,899
745,809,-0.359,2,72,898,899,900
748,818,-0.359,3,72,899,900,901
751,828,-0.359,4,72,900,901,902
755,837,-0.359,5,72,901,902,903
758,847,-0.359,6,72,902,903,904
761,856,-0.359,7,72,903,904,905
764,866,-0.359,8,72,904,905,-1
746,787,-0.359,0,73,-1,906,907
750,797,-0.359,1,73,906,907,908
753,806,-0.359,2,73,907,908,909
756,815,-0.359,3,73,908,909,910
760,825,-0.359,4,73,909,910,911
763,834,-0.359,5,73,910,911,912
766,844,-0.359,6,73,911,912,913
770,853,-0.359,7,73,912,913,914
773,863,-0.359,8,73,913,914,-1
754,784,-0.245,0,74,-1,915,916
758,794,-0.245,1,74,915,916,917
761,803,-0.245,2,74,916,917,918
765,813,-0.245,3,74,917,918,919
768,822,-0.245,4,74,918,919,920
772,831,-0.245,5,74,919,920,921
775,841,-0.245,6,74,920,921,922
779,850,-0.245,7,74,921,922,923
782,859,-0.245,8,74,922,923,-1
762,782,-0.359,0,75,-1,924,925
766,791,-0.359,1,75,924,925,926
769,800,-0.359,2,75,925,926,927
773,809,-0.359,3,75,926,927,928
777,819,-0.359,4,75,927,928,929
780,828,-0.359,5,75,928,929,930
784,837,-0.359,6,75,929,930,931
787,847,-0.359,7,75,930,931,932
791,856,-0.359,8,75,931,932,-1
770,779,-0.405,0,76,-1,933,934
773,788,-0.405,1,76,933,934,935
777,797,-0.405,2,76,934,935,936
781,806,-0.405,3,76,935,936,937
785,816,-0.405,4,76,936,937,938
788,825,-0.405,5,76,937,938,939
792,834,-0.405,6,76,938,939,940
796,843,-0.405,7,76,939,940,941
800,853,-0.405,8,76,940,941,-1
777,776,-0.519,0,77,-1,942,943
781,785,-0.519,1,77,942,943,944
785,794,-0.519,2,77,943,944,945
789,803,-0.519,3,77,944,945,946
793,812,-0.519,4,77,945,946,947
797,821,-0.519,5,77,946,947,948
801,831,-0.519,6,77,947,948,949
805,840,-0.519,7,77,948,949,950
809,849,-0.519,8,77,949,950,-1
784,772,-0.405,0,78,-1,951,952
788,782,-0.405,1,78,951,952,953
792,791,-0.405,2,78,952,953,954
797,800,-0.405,3,78,953,954,955
801,809,-0.405,4,78,954,955,956
805,818,-0.405,5,78,955,956,957
809,827,-0.405,6,78,956,957,958
813,836,-0.405,7,78,957,958,-1
817,845,-0.405,8,78,958,-1,-1
791,769,-0.405,0,79,-1,959,960
796,778,-0.405,1,79,959,960,961
800,787,-0.405,2,79,960,961,962
804,796,-0.405,3,79,961,962,963
808,805,-0.405,4,79,962,963,964
813,814,-0.405,5,79,963,964,965
817,823,-0.405,6,79,964,965,966
821,833,-0.405,7,79,965,966,-1
798,766,-0.519,0,80,-1,967,968
803,775,-0.519,1,80,967,968,969
807,784,-0.519,2,80,968,969,970
812,793,-0.519,3,80,969,970,971
816,802,-0.519,4,80,970,971,972
821,811,-0.519,5,80,971,972,973
825,820,-0.519,6,80,972,973,974
829,829,-0.519,7,80,973,974,-1
805,762,-0.405,0,81,-1,975,976
810,771,-0.405,1,81,975,976,977
815,780,-0.405,2,81,976,977,978
819,789,-0.405,3,81,977,978,979
824,798,-0.405,4,81,978,979,980
828,807,-0.405,5,81,979,980,981
833,816,-0.405,6,81,980,981,982
837,825,-0.405,7,81,981,982,-1
812,759,-0.519,0,82,-1,983,984
817,768,-0.519,1,82,983,984,985
822,777,-0.519,2,82,984,985,986
826,785,-0.519,3,82,985,986,987
831,794,-0.519,4,82,986,987,988
836,803,-0.519,5,82,987,988,989
841,812,-0.519,6,82,988,989,990
845,821,-0.519,7,82,989,990,-1
819,755,-0.464,0,83,-1,991,992
824,764,-0.464,1,83,991,992,993
829,773,-0.464,2,83,992,993,994
833,782,-0.464,3,83,993,994,995
838,790,-0.464,4,83,994,995,996
843,799,-0.464,5,83,995,996,997
848,808,-0.464,6,83,996,997,998
853,816,-0.464,7,83,997,998,-1
825,752,-0.519,0,84,-1,999,1000
830,760,-0.519,1,84,999,1000,1001
835,769,-0.519,2,84,1000,1001,1002
840,778,-0.519,3,84,1001,1002,1003
846,786,-0.519,4,84,1002,1003,1004
851,795,-0.519,5,84,1003,1004,1005
856,803,-0.519,6,84,1004,1005,-1
861,812,-0.519,7,84,1005,-1,-1
832,748,-0.588,0,85,-1,1006,1007
837,757,-0.588,1,85,1006,1007,1008
842,765,-0.588,2,85,1007,1008,1009
847,774,-0.588,3,85,1008,1009,1010
853,782,-0.588,4,85,1009,1010,1011
858,791,-0.588,5,85,1010,1011,1012
863,799,-0.588,6,85,1011,1012,-1
838,744,-0.588,0,86,-1,1013,1014
843,753,-0.588,1,86,1013,1014,1015
849,761,-0.588,2,86,1014,1015,1016
854,769,-0.588,3,86,1015,1016,1017
859,778,-0.588,4,86,1016,1017,1018
865,786,-0.588,5,86,1017,1018,1019
870,795,-0.588,6,86,1018,1019,-1
844,740,-0.588,0,87,-1,1020,1021
850,749,-0.588,1,87,1020,1021,1022
855,757,-0.588,2,87,1021,1022,1023
861,765,-0.588,3,87,1022,1023,1024
866,774,-0.588,4,87,1023,1024,1025
872,782,-0.588,5,87,1024,1025,1026
877,790,-0.588,6,87,1025,1026,-1
850,736,-0.588,0,88,-1,1027,1028
856,744,-0.588,1,88,1027,1028,1029
861,753,-0.588,2,88,1028,1029,1030
867,761,-0.588,3,88,1029,1030,1031
873,769,-0.588,4,88,1030,1031,1032
879,777,-0.588,5,88,1031,1032,1033
884,786,-0.588,6,88,1032,1033,-1
856,732,-0.588,0,89,-1,1034,1035
862,740,-0.588,1,89,1034,1035,1036
868,748,-0.588,2,89,1035,1036,1037
874,756,-0.588,3,89,1036,1037,1038
879,765,-0.588,4,89,1037,1038,1039
885,773,-0.588,5,89,1038,1039,1040
891,781,-0.588,6,89,1039,1040,-1
862,728,-0.588,0,90,-1,1041,1042
868,736,-0.588,1,90,1041,1042,1043
874,744,-0.588,2,90,1042,1043,1044
880,752,-0.588,3,90,1043,1044,1045
886,760,-0.588,4,90,1044,1045,1046
892,768,-0.588,5,90,1045,1046,1047
898,776,-0.588,6,90,1046,1047,-1
868,724,-0.785,0,91,-1,1048,1049
874,732,-0.785,1,91,1048,1049,1050
880,739,-0.785,2,91,1049,1050,1051
886,747,-0.785,3,91,1050,1051,1052
892,755,-0.785,4,91,1051,1052,1053
898,763,-0.785,5,91,1052,1053,1054
904,771,-0.785,6,91,1053,1054,-1
873,719,-0.588,0,92,-1,1055,1056
879,727,-0.588,1,92,1055,1056,1057
886,735,-0.588,2,92,1056,1057,1058
892,743,-0.588,3,92,1057,1058,1059
898,750,-0.588,4,92,1058,1059,1060
904,758,-0.588,5,92,1059,1060,1061
911,766,-0.588,6,92,1060,1061,-1
879,715,-0.785,0,93,-1,1062,1063
885,722,-0.785,1,93,1062,1063,1064
891,730,-0.785,2,93,1063,1064,1065
898,738,-0.785,3,93,1064,1065,1066
904,745,-0.785,4,93,1065,1066,1067
911,753,-0.785,5,93,1066,1067,1068
917,761,-0.785,6,93,1067,1068,-1
884,710,-0.675,0,94,-1,1069,1070
891,718,-0.675,1,94,1069,1070,1071
897,725,-0.675,2,94,1070,1071,1072
904,733,-0.675,3,94,1071,1072,1073
910,741,-0.675,4,94,1072,1073,1074
917,748,-0.675,5,94,1073,1074,1075
923,756,-0.675,6,94,1074,1075,-1
889,706,-0.695,0,95,-1,1076,1077
896,713,-0.695,1,95,1076,1077,1078
903,721,-0.695,2,95,1077,1078,1079
909,728,-0.695,3,95,1078,1079,1080
916,735,-0.695,4,95,1079,1080,1081
923,743,-0.695,5,95,1080,1081,1082
929,750,-0.695,6,95,1081,1082,-1
895,701,-0.785,0,96,-1,1083,1084
901,708,-0.785,1,96,1083,1084,1085
908,716,-0.785,2,96,1084,1085,1086
915,723,-0.785,3,96,1085,1086,1087
922,730,-0.785,4,96,1086,1087,1088
929,738,-0.785,5,96,1087,1088,1089
936,745,-0.785,6,96,1088,1089,-1
900,696,-0.785,0,97,-1,1090,1091
907,703,-0.785,1,97,1090,1091,1092
914,711,-0.785,2,97,1091,1092,1093
921,718,-0.785,3,97,1092,1093,1094
928,725,-0.785,4,97,1093,1094,1095
934,732,-0.785,5,97,1094,1095,1096
941,739,-0.785,6,97,1095,1096,-1
905,691,-0.785,0,98,-1,1097,1098
912,698,-0.785,1,98,1097,1098,1099
919,705,-0.785,2,98,1098,1099,1100
926,712,-0.785,3,98,1099,1100,1101
933,720,-0.785,4,98,1100,1101,1102
940,727,-0.785,5,98,1101,1102,1103
947,734,-0.785,6,98,1102,1103,-1
910,686,-0.785,0,99,-1,1104,1105
917,693,-0.785,1,99,1104,1105,1106
924,700,-0.785,2,99,1105,1106,1107
931,707,-0.785,3,99,1106,1107,1108
939,714,-0.785,4,99,1107,1108,1109
946,721,-0.785,5,99,1108,1109,1110
953,728,-0.785,6,99,1109,1110,-1
915,681,-0.785,0,100,-1,1111,1112
922,688,-0.785,1,100,1111,1112,1113
929,695,-0.785,2,100,1112,1113,1114
937,702,-0.785,3,100,1113,1114,1115
944,708,-0.785,4,100,1114,1115,1116
951,715,-0.785,5,100,1115,1116,1117
959,722,-0.785,6,100,1116,1117,-1
920,676,-0.896,0,101,-1,1118,1119
927,683,-0.896,1,101,1118,1119,1120
934,689,-0.896,2,101,1119,1120,1121
942,696,-0.896,3,101,1120,1121,1122
949,703,-0.896,4,101,1121,1122,1123
957,709,-0.896,5,101,1122,1123,1124
964,716,-0.896,6,101,1123,1124,-1
924,671,-0.876,0,102,-1,1125,1126
932,677,-0.876,1,102,1125,1126,1127
939,684,-0.876,2,102,1126,1127,1128
947,690,-0.876,3,102,1127,1128,1129
955,697,-0.876,4,102,1128,1129,1130
962,704,-0.876,5,102,1129,1130,1131
970,710,-0.876,6,102,1130,1131,-1
929,665,-0.785,0,103,-1,1132,1133
937,672,-0.785,1,103,1132,1133,1134
944,678,-0.785,2,103,1133,1134,1135
952,685,-0.785,3,103,1134,1135,1136
960,691,-0.785,4,103,1135,1136,1137
967,698,-0.785,5,103,1136,1137,1138
975,704,-0.785,6,103,1137,1138,-1
934,660,-0.983,0,104,-1,1139,1140
941,666,-0.983,1,104,1139,1140,1141
949,672,-0.983,2,104,1140,1141,1142
957,679,-0.983,3,104,1141,1142,1143
965,685,-0.983,4,104,1142,1143,1144
972,691,-0.983,5,104,1143,1144,1145
980,698,-0.983,6,104,1144,1145,-1
938,654,-0.785,0,105,-1,1146,1147
946,660,-0.785,1,105,1146,1147,1148
954,667,-0.785,2,105,1147,1148,1149
962,673,-0.785,3,105,1148,1149,1150
970,679,-0.785,4,105,1149,1150,1151
978,685,-0.785,5,105,1150,1151,1152
985,691,-0.785,6,105,1151,1152,-1
943,649,-0.983,0,106,-1,1153,1154
951,655,-0.983,1,106,1153,1154,1155
959,661,-0.983,2,106,1154,1155,1156
967,667,-0.983,3,106,1155,1156,1157
975,673,-0.983,4,106,1156,1157,1158
983,679,-0.983,5,106,1157,1158,1159
990,685,-0.983,6,106,1158,1159,-1
947,643,-0.876,0,107,-1,1160,1161
955,649,-0.876,1,107,1160,1161,1162
963,655,-0.876,2,107,1161,1162,1163
971,661,-0.876,3,107,1162,1163,1164
979,666,-0.876,4,107,1163,1164,1165
987,672,-0.876,5,107,1164,1165,1166
996,678,-0.876,6,107,1165,1166,-1
952,637,-0.983,0,108,-1,1167,1168
960,643,-0.983,1,108,1167,1168,1169
968,648,-0.983,2,108,1168,1169,1170
976,654,-0.983,3,108,1169,1170,1171
984,660,-0.983,4,108,1170,1171,1172
992,666,-0.983,5,108,1171,1172,1173
1000,672,-0.983,6,108,1172,1173,-1
956,631,-0.983,0,109,-1,1174,1175
964,637,-0.983,1,109,1174,1175,1176
972,642,-0.983,2,109,1175,1176,1177
981,648,-0.983,3,109,1176,1177,1178
989,654,-0.983,4,109,1177,1178,1179
997,659,-0.983,5,109,1178,1179,1180
1005,665,-0.983,6,109,1179,1180,-1
960,625,-0.983,0,110,1181,1182,1183
968,630,-0.983,1,110,1182,1183,1184
977,636,-0.983,2,110,1183,1184,1185
985,641,-0.983,3,110,1184,1185,1186
993,647,-0.983,4,110,1185,1186,1187
1002,653,-0.983,5,110,1186,1187,1188
1010,658,-0.983,6,110,1187,1188,-1
956,613,-1.052,-1,111,-1,1189,1190
964,619,-1.052,0,111,1189,1190,1191
973,624,-1.052,1,111,1190,1191,1192
981,629,-1.052,2,111,1191,1192,1193
989,635,-1.052,3,111,1192,1193,1194
998,640,-1.052,4,111,1193,1194,1195
1006,646,-1.052,5,111,1194,1195,-1
1015,651,-1.052,6,111,1195,-1,-1
960,607,-0.983,-1,112,-1,1196,1197
968,612,-0.983,0,112,1196,1197,1198
977,618,-0.983,1,112,1197,1198,1199
985,623,-0.983,2,112,1198,1199,1200
994,628,-0.983,3,112,1199,1200,1201
1002,634,-0.983,4,112,1200,1201,1202
1011,639,-0.983,5,112,1201,1202,-1
964,601,-1.052,-1,113,-1,1203,1204
972,606,-1.052,0,113,1203,1204,1205
981,611,-1.052,1,113,1204,1205,1206
989,616,-1.052,2,113,1205,1206,1207
998,621,-1.052,3,113,1206,1207,1208
1006,627,-1.052,4,113,1207,1208,1209
1015,632,-1.052,5,113,1208,1209,-1
968,594,-0.983,-1,114,-1,1210,1211
976,599,-0.983,0,114,1210,1211,1212
985,605,-0.983,1,114,1211,1212,1213
993,610,-0.983,2,114,1212,1213,1214
1002,615,-0.983,3,114,1213,1214,1215
1011,620,-0.983,4,114,1214,1215,1216
1019,625,-0.983,5,114,1215,1216,-1
971,588,-1.052,-1,115,-1,1217,1218
980,593,-1.052,0,115,1217,1218,1219
989,598,-1.052,1,115,1218,1219,1220
997,603,-1.052,2,115,1219,1220,1221
1006,608,-1.052,3,115,1220,1221,1222
1015,613,-1.052,4,115,1221,1222,-1
1023,618,-1.052,5,115,1222,-1,-1
975,581,-0.983,-1,116,-1,1223,1224
984,586,-0.983,0,116,1223,1224,1225
993,591,-0.983,1,116,1224,1225,1226
1001,596,-0.983,2,116,1225,1226,1227
1010,601,-0.983,3,116,1226,1227,1228
1019,606,-0.983,4,116,1227,1228,-1
979,575,-1.166,-1,117,1229,1230,1231
988,580,-1.166,0,117,1230,1231,1232
996,584,-1.166,1,117,1231,1232,1233
1005,589,-1.166,2,117,1232,1233,1234
1014,594,-1.166,3,117,1233,1234,1235
1023,599,-1.166,4,117,1234,1235,-1
973,564,-1.052,-2,118,-1,1236,1237
982,568,-1.052,-1,118,1236,1237,1238
991,573,-1.052,0,118,1237,1238,1239
1000,578,-1.052,1,118,1238,1239,1240
1009,582,-1.052,2,118,1239,1240,1241
1018,587,-1.052,3,118,1240,1241,1242
1027,592,-1.052,4,118,1241,1242,-1
977,557,-1.166,-2,119,-1,1243,1244
986,562,-1.166,-1,119,1243,1244,1245
995,566,-1.166,0,119,1244,1245,1246
1004,571,-1.166,1,119,1245,1246,1247
1013,575,-1.166,2,119,1246,1247,1248
1021,580,-1.166,3,119,1247,1248,1249
1030,584,-1.166,4,119,1248,1249,-1
980,550,-1.052,-2,120,-1,1250,1251
989,555,-1.052,-1,120,1250,1251,1252
998,559,-1.052,0,120,1251,1252,1253
1007,564,-1.052,1,120,1252,1253,1254
1016,568,-1.052,2,120,1253,1254,1255
1025,573,-1.052,3,120,1254,1255,1256
1034,577,-1.052,4,120,1255,1256,-1
984,544,-1.166,-2,121,-1,1257,1258
993,548,-1.166,-1,121,1257,1258,1259
1002,552,-1.166,0,121,1258,1259,1260
1011,557,-1.166,1,121,1259,1260,1261
1020,561,-1.166,2,121,1260,1261,1262
1029,565,-1.166,3,121,1261,1262,-1
1038,570,-1.166,4,121,1262,-1,-1
987,537,-1.166,-2,122,-1,1263,1264
996,541,-1.166,-1,122,1263,1264,1265
1005,545,-1.166,0,122,1264,1265,1266
1014,550,-1.166,1,122,1265,1266,1267
1023,554,-1.166,2,122,1266,1267,1268
1032,558,-1.166,3,122,1267,1268,-1
990,530,-1.052,-2,123,-1,1269,1270
999,534,-1.052,-1,123,1269,1270,1271
1008,538,-1.052,0,123,1270,1271,1272
1017,542,-1.052,1,123,1271,1272,1273
1027,547,-1.052,2,123,1272,1273,1274
1036,551,-1.052,3,123,1273,1274,-1
993,523,-1.166,-2,124,1275,1276,1277
1003,527,-1.166,-1,124,1276,1277,1278
1012,531,-1.166,0,124,1277,1278,1279
1021,535,-1.166,1,124,1278,1279,1280
1030,539,-1.166,2,124,1279,1280,1281
1039,543,-1.166,3,124,1280,1281,-1
987,512,-1.166,-3,125,-1,1282,1283
997,516,-1.166,-2,125,1282,1283,1284
1006,520,-1.166,-1,125,1283,1284,1285
1015,524,-1.166,0,125,1284,1285,1286
1024,528,-1.166,1,125,1285,1286,1287
1033,532,-1.166,2,125,1286,1287,1288
1042,536,-1.166,3,125,1287,1288,-1
990,505,-1.166,-3,126,-1,1289,1290
1000,509,-1.166,-2,126,1289,1290,1291
1009,513,-1.166,-1,126,1290,1291,1292
1018,517,-1.166,0,126,1291,1292,1293
1027,521,-1.166,1,126,1292,1293,1294
1036,525,-1.166,2,126,1293,1294,1295
1046,529,-1.166,3,126,1294,1295,-1
993,498,-1.212,-3,127,-1,1296,1297
1003,502,-1.212,-2,127,1296,1297,1298
1012,506,-1.212,-1,127,1297,1298,1299
1021,510,-1.212,0,127,1298,1299,1300
1030,514,-1.212,1,127,1299,1300,1301
1040,517,-1.212,2,127,1300,1301,1302
1049,521,-1.212,3,127,1301,1302,-1
996,491,-1.166,-3,128,-1,1303,1304
1006,495,-1.166,-2,128,1303,1304,1305
1015,499,-1.166,-1,128,1304,1305,1306
1024,502,-1.166,0,128,1305,1306,1307
1033,506,-1.166,1,128,1306,1307,1308
1043,510,-1.166,2,128,1307,1308,1309
1052,514,-1.166,3,128,1308,1309,-1
999,484,-1.166,-3,129,-1,1310,1311
1009,488,-1.166,-2,129,1310,1311,1312
1018,491,-1.166,-1,129,1311,1312,1313
1027,495,-1.166,0,129,1312,1313,1314
1036,499,-1.166,1,129,1313,1314,1315
1046,502,-1.166,2,129,1314,1315,1316
1055,506,-1.166,3,129,1315,1316,-1
1002,477,-1.212,-3,130,-1,1317,1318
1011,481,-1.212,-2,130,1317,1318,1319
1021,484,-1.212,-1,130,1318,1319,1320
1030,488,-1.212,0,130,1319,1320,1321
1039,491,-1.212,1,130,1320,1321,1322
1049,495,-1.212,2,130,1321,1322,1323
1058,499,-1.212,3,130,1322,1323,-1
1005,470,-1.166,-3,131,-1,1324,1325
1014,473,-1.166,-2,131,1324,1325,1326
1024,477,-1.166,-1,131,1325,1326,1327
1033,480,-1.166,0,131,1326,1327,1328
1042,484,-1.166,1,131,1327,1328,1329
1052,487,-1.166,2,131,1328,1329,1330
1061,491,-1.166,3,131,1329,1330,-1
1008,463,-1.326,-3,132,-1,1331,1332
1017,466,-1.326,-2,132,1331,1332,1333
1026,469,-1.326,-1,132,1332,1333,1334
1036,473,-1.326,0,132,1333,1334,1335
1045,476,-1.326,1,132,1334,1335,1336
1055,480,-1.326,2,132,1335,1336,1337
1064,483,-1.326,3,132,1336,1337,-1
1010,456,-1.166,-3,133,-1,1338,1339
1020,459,-1.166,-2,133,1338,1339,1340
1029,462,-1.166,-1,133,1339,1340,1341
1038,465,-1.166,0,133,1340,1341,1342
1048,469,-1.166,1,133,1341,1342,1343
1057,472,-1.166,2,133,1342,1343,-1
1067,475,-1.166,3,133,1343,-1,-1
1013,448,-1.212,-3,134,-1,1344,1345
1022,451,-1.212,-2,134,1344,1345,1346
1032,455,-1.212,-1,134,1345,1346,1347
1041,458,-1.212,0,134,1346,1347,1348
1051,461,-1.212,1,134,1347,1348,1349
1060,464,-1.212,2,134,1348,1349,-1
1015,441,-1.292,-3,135,-1,1350,1351
1025,444,-1.292,-2,135,1350,1351,1352
1034,447,-1.292,-1,135,1351,1352,1353
1044,450,-1.292,0,135,1352,1353,1354
1053,453,-1.292,1,135,1353,1354,1355
1063,456,-1.292,2,135,1354,1355,-1
1017,434,-1.212,-3,136,-1,1356,1357
1027,437,-1.212,-2,136,1356,1357,1358
1037,440,-1.212,-1,136,1357,1358,1359
1046,443,-1.212,0,136,1358,1359,1360
1056,446,-1.212,1,136,1359,1360,1361
1065,449,-1.212,2,136,1360,1361,-1
1020,427,-1.326,-3,137,-1,1362,1363
1029,429,-1.326,-2,137,1362,1363,1364
1039,432,-1.326,-1,137,1363,1364,1365
1049,435,-1.326,0,137,1364,1365,1366
1058,438,-1.326,1,137,1365,1366,1367
1068,441,-1.326,2,137,1366,1367,-1
1022,419,-1.292,-3,138,-1,1368,1369
1032,422,-1.292,-2,138,1368,1369,1370
1041,425,-1.292,-1,138,1369,1370,1371
1051,427,-1.292,0,138,1370,1371,1372
1060,430,-1.292,1,138,1371,1372,1373
1070,433,-1.292,2,138,1372,1373,-1
1024,412,-1.326,-3,139,-1,1374,1375
1034,415,-1.326,-2,139,1374,1375,1376
1043,417,-1.326,-1,139,1375,1376,1377
1053,420,-1.326,0,139,1376,1377,1378
1063,422,-1.326,1,139,1377,1378,1379
1072,425,-1.326,2,139,1378,1379,-1
1026,405,-1.326,-3,140,-1,1380,1381
1036,407,-1.326,-2,140,1380,1381,1382
1045,409,-1.326,-1,140,1381,1382,1383
1055,412,-1.326,0,140,1382,1383,1384
1065,414,-1.326,1,140,1383,1384,1385
1074,416,-1.326,2,140,1384,1385,-1
1028,397,-1.326,-3,141,-1,1386,1387
1037,400,-1.326,-2,141,1386,1387,1388
1047,402,-1.326,-1,141,1387,1388,1389
1057,404,-1.326,0,141,1388,1389,1390
1067,406,-1.326,1,141,1389,1390,1391
1076,408,-1.326,2,141,1390,1391,-1
1029,390,-1.446,-3,142,-1,1392,1393
1039,392,-1.446,-2,142,1392,1393,1394
1049,394,-1.446,-1,142,1393,1394,1395
1059,396,-1.446,0,142,1394,1395,1396
1068,398,-1.446,1,142,1395,1396,1397
1078,400,-1.446,2,142,1396,1397,-1
1031,383,-1.446,-3,143,-1,1398,1399
1040,385,-1.446,-2,143,1398,1399,1400
1050,386,-1.446,-1,143,1399,1400,1401
1060,388,-1.446,0,143,1400,1401,1402
1070,390,-1.446,1,143,1401,1402,1403
1080,391,-1.446,2,143,1402,1403,-1
1032,376,-1.326,-3,144,-1,1404,1405
1042,377,-1.326,-2,144,1404,1405,1406
1052,378,-1.326,-1,144,1405,1406,1407
1061,380,-1.326,0,144,1406,1407,1408
1071,381,-1.326,1,144,1407,1408,1409
1081,383,-1.326,2,144,1408,1409,-1
1033,368,-1.446,-3,145,-1,1410,1411
1043,369,-1.446,-2,145,1410,1411,1412
1053,371,-1.446,-1,145,1411,1412,1413
1063,372,-1.446,0,145,1412,1413,1414
1073,373,-1.446,1,145,1413,1414,1415
1083,374,-1.446,2,145,1414,1415,-1
1034,361,-1.571,-3,146,-1,1416,1417
1044,362,-1.571,-2,146,1416,1417,1418
1054,363,-1.571,-1,146,1417,1418,1419
1064,364,-1.571,0,146,1418,1419,1420
1074,365,-1.571,1,146,1419,1420,1421
1084,366,-1.571,2,146,1420,1421,-1
1034,354,-1.446,-3,147,-1,1422,1423
1044,354,-1.446,-2,147,1422,1423,1424
1054,355,-1.446,-1,147,1423,1424,1425
1064,356,-1.446,0,147,1424,1425,1426
1074,356,-1.446,1,147,1425,1426,1427
1084,357,-1.446,2,147,1426,1427,-1
1035,347,-1.571,-3,148,-1,1428,1429
1045,347,-1.571,-2,148,1428,1429,1430
1055,347,-1.571,-1,148,1429,1430,1431
1065,348,-1.571,0,148,1430,1431,1432
1075,348,-1.571,1,148,1431,1432,1433
1085,348,-1.571,2,148,1432,1433,-1
1035,339,-1.571,-3,149,-1,1434,1435
1045,339,-1.571,-2,149,1434,1435,1436
1055,339,-1.571,-1,149,1435,1436,1437
1065,339,-1.571,0,149,1436,1437,1438
1075,339,-1.571,1,149,1437,1438,1439
1085,339,-1.571,2,149,1438,1439,-1
1035,332,-1.571,-3,150,-1,-1,1440
1045,332,-1.571,-2,150,-1,1440,1441
1055,332,-1.571,-1,150,1440,1441,1442
1065,331,-1.571,0,150,1441,1442,1443
1075,331,-1.571,1,150,1442,1443,1444
1085,331,-1.571,2,150,1443,1444,-1
1045,324,-1.695,-2,151,-1,1445,1446
1055,324,-1.695,-1,151,1445,1446,1447
1065,323,-1.695,0,151,1446,1447,1448
1075,322,-1.695,1,151,1447,1448,1449
1085,322,-1.695,2,151,1448,1449,-1
1045,317,-1.571,-2,152,-1,1450,1451
1054,316,-1.571,-1,152,1450,1451,1452
1064,315,-1.571,0,152,1451,1452,1453
1074,314,-1.571,1,152,1452,1453,1454
1084,313,-1.571,2,152,1453,1454,-1
1044,310,-1.816,-2,153,-1,1455,1456
1054,308,-1.816,-1,153,1455,1456,1457
1064,307,-1.816,0,153,1456,1457,1458
1073,306,-1.816,1,153,1457,1458,1459
1083,304,-1.816,2,153,1458,1459,1460
1043,303,-1.695,-2,154,-1,1461,1462
1053,301,-1.695,-1,154,1461,1462,1463
1062,299,-1.695,0,154,1462,1463,1464
1072,297,-1.695,1,154,1463,1464,1465
1082,295,-1.695,2,154,1464,1465,1466
1092,294,-1.695,3,154,1465,1466,-1
1041,295,-1.816,-2,155,-1,1467,1468
1051,293,-1.816,-1,155,1467,1468,1469
1061,291,-1.816,0,155,1468,1469,1470
1071,289,-1.816,1,155,1469,1470,1471
1081,287,-1.816,2,155,1470,1471,1472
1090,285,-1.816,3,155,1471,1472,-1
1040,288,-1.816,-2,156,-1,-1,1473
1050,286,-1.816,-1,156,-1,1473,1474
1059,283,-1.816,0,156,1473,1474,1475
1069,281,-1.816,1,156,1474,1475,1476
1079,278,-1.816,2,156,1475,1476,1477
1088,275,-1.816,3,156,1476,1477,1478
1048,278,-1.849,-1,157,-1,1479,1480
1057,275,-1.849,0,157,1479,1480,1481
1067,272,-1.849,1,157,1480,1481,1482
1076,269,-1.849,2,157,1481,1482,1483
1086,266,-1.849,3,157,1482,1483,1484
1095,263,-1.849,4,157,1483,1484,-1
1045,271,-1.93,-1,158,-1,1485,1486
1055,268,-1.93,0,158,1485,1486,1487
1064,264,-1.93,1,158,1486,1487,1488
1074,261,-1.93,2,158,1487,1488,1489
1083,258,-1.93,3,158,1488,1489,1490
1092,254,-1.93,4,158,1489,1490,-1
1043,264,-1.976,-1,159,-1,1491,1492
1052,260,-1.976,0,159,1491,1492,1493
1061,257,-1.976,1,159,1492,1493,1494
1070,253,-1.976,2,159,1493,1494,1495
1080,249,-1.976,3,159,1494,1495,1496
1089,245,-1.976,4,159,1495,1496,1497
1040,257,-1.976,-1,160,-1,-1,1498
1049,253,-1.976,0,160,-1,1498,1499
1058,249,-1.976,1,160,1498,1499,1500
1067,244,-1.976,2,160,1499,1500,1501
1076,240,-1.976,3,160,1500,1501,1502
1085,236,-1.976,4,160,1501,1502,1503
1094,232,-1.976,5,160,1502,1503,-1
1046,246,-2.09,0,161,-1,1504,1505
1054,241,-2.09,1,161,1504,1505,1506
1063,236,-2.09,2,161,1505,1506,1507
1072,232,-2.09,3,161,1506,1507,1508
1081,227,-2.09,4,161,1507,1508,1509
1090,222,-2.09,5,161,1508,1509,-1
1042,239,-2.09,0,162,-1,1510,1511
1050,234,-2.09,1,162,1510,1511,1512
1059,229,-2.09,2,162,1511,1512,1513
1068,224,-2.09,3,162,1512,1513,1514
1076,218,-2.09,4,162,1513,1514,1515
1085,213,-2.09,5,162,1514,1515,1516
1038,232,-2.09,0,163,1517,1518,1519
1046,227,-2.09,1,163,1518,1519,1520
1055,221,-2.09,2,163,1519,1520,1521
1063,216,-2.09,3,163,1520,1521,1522
1071,210,-2.09,4,163,1521,1522,1523
1080,205,-2.09,5,163,1522,1523,1524
1088,199,-2.09,6,163,1523,1524,1525
1025,231,-2.266,-1,164,-1,1526,1527
1034,225,-2.266,0,164,1526,1527,1528
1042,219,-2.266,1,164,1527,1528,1529
1050,214,-2.266,2,164,1528,1529,1530
1058,208,-2.266,3,164,1529,1530,1531
1066,202,-2.266,4,164,1530,1531,1532
1074,196,-2.266,5,164,1531,1532,1533
1082,190,-2.266,6,164,1532,1533,1534
1090,184,-2.266,7,164,1533,1534,-1
1021,225,-2.266,-1,165,1535,1536,1537
1029,219,-2.266,0,165,1536,1537,1538
1037,213,-2.266,1,165,1537,1538,1539
1044,206,-2.266,2,165,1538,1539,1540
1052,200,-2.266,3,165,1539,1540,1541
1060,194,-2.266,4,165,1540,1541,1542
1068,188,-2.266,5,165,1541,1542,1543
1075,181,-2.266,6,165,1542,1543,1544
1083,175,-2.266,7,165,1543,1544,-1
1009,226,-2.266,-2,166,-1,1545,1546
1016,220,-2.266,-1,166,1545,1546,1547
1024,213,-2.266,0,166,1546,1547,1548
1031,206,-2.266,1,166,1547,1548,1549
1039,200,-2.266,2,166,1548,1549,1550
1046,193,-2.266,3,166,1549,1550,1551
1054,186,-2.266,4,166,1550,1551,1552
1061,179,-2.266,5,166,1551,1552,1553
1068,173,-2.266,6,166,1552,1553,1554
1076,166,-2.266,7,166,1553,1554,-1
1004,221,-2.447,-2,167,-1,1555,1556
1012,214,-2.447,-1,167,1555,1556,1557
1019,207,-2.447,0,167,1556,1557,1558
1026,200,-2.447,1,167,1557,1558,1559
1033,193,-2.447,2,167,1558,1559,1560
1040,186,-2.447,3,167,1559,1560,1561
1047,179,-2.447,4,167,1560,1561,1562
1054,172,-2.447,5,167,1561,1562,1563
1061,165,-2.447,6,167,1562,1563,1564
1068,158,-2.447,7,167,1563,1564,-1
1000,216,-2.356,-2,168,1565,1566,1567
1006,209,-2.356,-1,168,1566,1567,1568
1013,202,-2.356,0,168,1567,1568,1569
1020,194,-2.356,1,168,1568,1569,1570
1027,187,-2.356,2,168,1569,1570,1571
1033,179,-2.356,3,168,1570,1571,1572
1040,172,-2.356,4,168,1571,1572,1573
1047,164,-2.356,5,168,1572,1573,1574
1053,157,-2.356,6,168,1573,1574,1575
1060,150,-2.356,7,168,1574,1575,-1
988,220,-2.447,-3,169,-1,1576,1577
995,212,-2.447,-2,169,1576,1577,1578
1001,204,-2.447,-1,169,1577,1578,1579
1007,196,-2.447,0,169,1578,1579,1580
1014,188,-2.447,1,169,1579,1580,1581
1020,181,-2.447,2,169,1580,1581,1582
1026,173,-2.447,3,169,1581,1582,1583
1033,165,-2.447,4,169,1582,1583,1584
1039,157,-2.447,5,169,1583,1584,1585
1045,150,-2.447,6,169,1584,1585,-1
1051,142,-2.447,7,169,1585,-1,-1
983,215,-2.554,-3,170,-1,1586,1587
989,207,-2.554,-2,170,1586,1587,1588
995,199,-2.554,-1,170,1587,1588,1589
1001,191,-2.554,0,170,1588,1589,1590
1007,183,-2.554,1,170,1589,1590,1591
1013,175,-2.554,2,170,1590,1591,1592
1019,167,-2.554,3,170,1591,1592,1593
1025,159,-2.554,4,170,1592,1593,1594
1031,151,-2.554,5,170,1593,1594,1595
1037,143,-2.554,6,170,1594,1595,-1
978,212,-2.521,-3,171,-1,1596,1597
984,203,-2.521,-2,171,1596,1597,1598
989,195,-2.521,-1,171,1597,1598,1599
995,187,-2.521,0,171,1598,1599,1600
1000,178,-2.521,1,171,1599,1600,1601
1006,170,-2.521,2,171,1600,1601,1602
1011,162,-2.521,3,171,1601,1602,1603
1017,153,-2.521,4,171,1602,1603,1604
1022,145,-2.521,5,171,1603,1604,-1
1028,136,-2.521,6,171,1604,-1,-1
973,208,-2.622,-3,172,1605,1606,1607
978,200,-2.622,-2,172,1606,1607,1608
983,191,-2.622,-1,172,1607,1608,1609
988,182,-2.622,0,172,1608,1609,1610
993,174,-2.622,1,172,1609,1610,1611
998,165,-2.622,2,172,1610,1611,1612
1003,156,-2.622,3,172,1611,1612,1613
1008,148,-2.622,4,172,1612,1613,1614
1014,139,-2.622,5,172,1613,1614,-1
963,214,-2.737,-4,173,-1,1615,1616
968,205,-2.737,-3,173,1615,1616,1617
972,196,-2.737,-2,173,1616,1617,1618
977,187,-2.737,-1,173,1617,1618,1619
981,178,-2.737,0,173,1618,1619,1620
986,169,-2.737,1,173,1619,1620,1621
991,161,-2.737,2,173,1620,1621,1622
995,152,-2.737,3,173,1621,1622,1623
1000,143,-2.737,4,173,1622,1623,-1
1004,134,-2.737,5,173,1623,-1,-1
958,211,-2.622,-4,174,-1,1624,1625
962,202,-2.622,-3,174,1624,1625,1626
966,193,-2.622,-2,174,1625,1626,1627
970,184,-2.622,-1,174,1626,1627,1628
974,175,-2.622,0,174,1627,1628,1629
979,166,-2.622,1,174,1628,1629,1630
983,156,-2.622,2,174,1629,1630,1631
987,147,-2.622,3,174,1630,1631,1632
991,138,-2.622,4,174,1631,1632,-1
952,209,-2.737,-4,175,-1,1633,1634
956,199,-2.737,-3,175,1633,1634,1635
960,190,-2.737,-2,175,1634,1635,1636
963,181,-2.737,-1,175,1635,1636,1637
967,171,-2.737,0,175,1636,1637,1638
971,162,-2.737,1,175,1637,1638,1639
975,153,-2.737,2,175,1638,1639,1640
978,144,-2.737,3,175,1639,1640,1641
982,134,-2.737,4,175,1640,1641,-1
947,206,-2.897,-4,176,-1,1642,1643
950,197,-2.897,-3,176,1642,1643,1644
953,187,-2.897,-2,176,1643,1644,1645
956,178,-2.897,-1,176,1644,1645,1646
960,168,-2.897,0,176,1645,1646,1647
963,159,-2.897,1,176,1646,1647,1648
966,150,-2.897,2,176,1647,1648,1649
970,140,-2.897,3,176,1648,1649,-1
973,131,-2.897,4,176,1649,-1,-1
941,204,-2.897,-4,177,-1,1650,1651
944,195,-2.897,-3,177,1650,1651,1652
947,185,-2.897,-2,177,1651,1652,1653
949,175,-2.897,-1,177,1652,1653,1654
952,166,-2.897,0,177,1653,1654,1655
955,156,-2.897,1,177,1654,1655,1656
958,147,-2.897,2,177,1655,1656,1657
961,137,-2.897,3,177,1656,1657,-1
935,202,-2.863,-4,178,-1,1658,1659
937,193,-2.863,-3,178,1658,1659,1660
940,183,-2.863,-2,178,1659,1660,1661
942,173,-2.863,-1,178,1660,1661,1662
944,164,-2.863,0,178,1661,1662,1663
947,154,-2.863,1,178,1662,1663,1664
949,144,-2.863,2,178,1663,1664,1665
952,134,-2.863,3,178,1664,1665,-1
929,201,-2.897,-4,179,-1,1666,1667
931,191,-2.897,-3,179,1666,1667,1668
933,181,-2.897,-2,179,1667,1668,1669
935,171,-2.897,-1,179,1668,1669,1670
937,162,-2.897,0,179,1669,1670,1671
939,152,-2.897,1,179,1670,1671,1672
941,142,-2.897,2,179,1671,1672,1673
942,132,-2.897,3,179,1672,1673,-1
922,199,-3.031,-4,180,-1,1674,1675
924,190,-3.031,-3,180,1674,1675,1676
925,180,-3.031,-2,180,1675,1676,1677
927,170,-3.031,-1,180,1676,1677,1678
929,160,-3.031,0,180,1677,1678,1679
930,150,-3.031,1,180,1678,1679,1680
932,140,-3.031,2,180,1679,1680,1681
933,130,-3.031,3,180,1680,1681,-1
916,198,-3.017,-4,181,-1,1682,1683
917,188,-3.017,-3,181,1682,1683,1684
918,179,-3.017,-2,181,1683,1684,1685
919,169,-3.017,-1,181,1684,1685,1686
920,159,-3.017,0,181,1685,1686,1687
922,149,-3.017,1,181,1686,1687,1688
923,139,-3.017,2,181,1687,1688,1689
924,129,-3.017,3,181,1688,1689,-1
909,198,-3.017,-4,182,-1,1690,1691
910,188,-3.017,-3,182,1690,1691,1692
910,178,-3.017,-2,182,1691,1692,1693
911,168,-3.017,-1,182,1692,1693,1694
912,158,-3.017,0,182,1693,1694,1695
913,148,-3.017,1,182,1694,1695,1696
914,138,-3.017,2,182,1695,1696,1697
915,128,-3.017,3,182,1696,1697,-1
902,197,3.142,-4,183,-1,1698,1699
902,187,3.142,-3,183,1698,1699,1700
903,177,3.142,-2,183,1699,1700,1701
903,167,3.142,-1,183,1700,1701,1702
904,157,3.142,0,183,1701,1702,1703
904,147,3.142,1,183,1702,1703,1704
905,137,3.142,2,183,1703,1704,1705
906,127,3.142,3,183,1704,1705,-1
895,196,-3.031,-4,184,-1,1706,1707
895,187,-3.031,-3,184,1706,1707,1708
895,177,-3.031,-2,184,1707,1708,1709
895,167,-3.031,-1,184,1708,1709,1710
896,157,-3.031,0,184,1709,1710,1711
896,147,-3.031,1,184,1710,1711,1712
896,137,-3.031,2,184,1711,1712,1713
896,127,-3.031,3,184,1712,1713,-1
887,196,3.142,-4,185,-1,1714,1715
887,186,3.142,-3,185,1714,1715,1716
887,176,3.142,-2,185,1715,1716,1717
887,166,3.142,-1,185,1716,1717,1718
887,156,3.142,0,185,1717,1718,1719
887,146,3.142,1,185,1718,1719,1720
887,136,3.142,2,185,1719,1720,1721
887,126,3.142,3,185,1720,1721,-1
880,196,3.031,-4,186,-1,1722,1723
880,186,3.031,-3,186,1722,1723,1724
879,176,3.031,-2,186,1723,1724,1725
879,166,3.031,-1,186,1724,1725,1726
879,156,3.031,0,186,1725,1726,1727
878,146,3.031,1,186,1726,1727,1728
878,136,3.031,2,186,1727,1728,1729
878,126,3.031,3,186,1728,1729,-1
872,197,3.142,-4,187,-1,1730,1731
872,187,3.142,-3,187,1730,1731,1732
871,177,3.142,-2,187,1731,1732,1733
871,167,3.142,-1,187,1732,1733,1734
870,157,3.142,0,187,1733,1734,1735
870,147,3.142,1,187,1734,1735,1736
869,137,3.142,2,187,1735,1736,1737
869,127,3.142,3,187,1736,1737,-1
864,197,3.031,-4,188,-1,1738,1739
864,187,3.031,-3,188,1738,1739,1740
863,177,3.031,-2,188,1739,1740,1741
862,167,3.031,-1,188,1740,1741,1742
862,157,3.031,0,188,1741,1742,1743
861,147,3.031,1,188,1742,1743,1744
860,137,3.031,2,188,1743,1744,1745
860,127,3.031,3,188,1744,1745,-1
857,197,3.142,-4,189,-1,1746,1747
856,187,3.142,-3,189,1746,1747,1748
855,178,3.142,-2,189,1747,1748,1749
854,168,3.142,-1,189,1748,1749,1750
853,158,3.142,0,189,1749,1750,1751
852,148,3.142,1,189,1750,1751,1752
852,138,3.142,2,189,1751,1752,1753
851,128,3.142,3,189,1752,1753,-1
849,198,3.031,-4,190,-1,1754,1755
848,188,3.031,-3,190,1754,1755,1756
847,178,3.031,-2,190,1755,1756,1757
846,168,3.031,-1,190,1756,1757,1758
845,158,3.031,0,190,1757,1758,1759
844,148,3.031,1,190,1758,1759,1760
843,138,3.031,2,190,1759,1760,1761
842,128,3.031,3,190,1760,1761,-1
840,199,3.017,-4,191,-1,1762,1763
839,189,3.017,-3,191,1762,1763,1764
838,179,3.017,-2,191,1763,1764,1765
837,169,3.017,-1,191,1764,1765,1766
836,159,3.017,0,191,1765,1766,1767
835,149,3.017,1,191,1766,1767,1768
834,139,3.017,2,191,1767,1768,1769
833,129,3.017,3,191,1768,1769,-1
832,200,3.031,-4,192,-1,1770,1771
831,190,3.031,-3,192,1770,1771,1772
830,180,3.031,-2,192,1771,1772,1773
829,170,3.031,-1,192,1772,1773,1774
828,160,3.031,0,192,1773,1774,1775
827,150,3.031,1,192,1774,1775,1776
825,140,3.031,2,192,1775,1776,1777
824,130,3.031,3,192,1776,1777,-1
824,201,3.017,-4,193,-1,1778,1779
823,191,3.017,-3,193,1778,1779,1780
822,181,3.017,-2,193,1779,1780,1781
820,171,3.017,-1,193,1780,1781,1782
819,161,3.017,0,193,1781,1782,1783
818,151,3.017,1,193,1782,1783,1784
817,141,3.017,2,193,1783,1784,1785
816,131,3.017,3,193,1784,1785,-1
816,202,3.031,-4,194,-1,1786,1787
814,192,3.031,-3,194,1786,1787,1788
813,182,3.031,-2,194,1787,1788,1789
812,172,3.031,-1,194,1788,1789,1790
811,162,3.031,0,194,1789,1790,1791
809,152,3.031,1,194,1790,1791,1792
808,142,3.031,2,194,1791,1792,1793
807,132,3.031,3,194,1792,1793,-1
807,203,3.017,-4,195,-1,1794,1795
806,193,3.017,-3,195,1794,1795,1796
805,183,3.017,-2,195,1795,1796,1797
803,173,3.017,-1,195,1796,1797,1798
802,163,3.017,0,195,1797,1798,1799
801,153,3.017,1,195,1798,1799,1800
800,143,3.017,2,195,1799,1800,1801
798,133,3.017,3,195,1800,1801,-1
799,204,3.031,-4,196,-1,-1,1802
797,194,3.031,-3,196,-1,1802,1803
796,184,3.031,-2,196,1802,1803,1804
795,174,3.031,-1,196,1803,1804,1805
794,164,3.031,0,196,1804,1805,1806
792,154,3.031,1,196,1805,1806,1807
791,144,3.031,2,196,1806,1807,-1
790,134,3.031,3,196,1807,-1,-1
789,195,3.017,-3,197,-1,1808,1809
788,185,3.017,-2,197,1808,1809,1810
787,175,3.017,-1,197,1809,1810,1811
785,165,3.017,0,197,1810,1811,1812
784,155,3.017,1,197,1811,1812,-1
783,145,3.017,2,197,1812,-1,-1
780,196,3.031,-3,198,-1,1813,1814
779,186,3.031,-2,198,1813,1814,1815
778,176,3.031,-1,198,1814,1815,1816
777,166,3.031,0,198,1815,1816,1817
776,156,3.031,1,198,1816,1817,-1
772,197,3.017,-3,199,-1,1818,1819
771,187,3.017,-2,199,1818,1819,1820
770,177,3.017,-1,199,1819,1820,1821
768,167,3.017,0,199,1820,1821,-1
767,157,3.017,1,199,1821,-1,-1
763,198,3.017,-3,200,-1,1822,1823
762,188,3.017,-2,200,1822,1823,1824
761,178,3.017,-1,200,1823,1824,1825
760,168,3.017,0,200,1824,1825,-1
755,199,3.031,-3,201,-1,1826,1827
754,189,3.031,-2,201,1826,1827,1828
753,179,3.031,-1,201,1827,1828,1829
752,169,3.031,0,201,1828,1829,-1
746,200,3.017,-3,202,-1,1830,1831
745,190,3.017,-2,202,1830,1831,1832
744,180,3.017,-1,202,1831,1832,1833
743,170,3.017,0,202,1832,1833,1834
737,201,3.017,-3,203,-1,-1,1835
737,191,3.017,-2,203,-1,1835,1836
736,181,3.017,-1,203,1835,1836,1837
735,171,3.017,0,203,1836,-1837,1838
734,161,3.017,1,203,1837,1838,-1
728,191,3.142,0,204,-1,1839,1840
727,182,3.142,0,204,1839,1840,1841
727,172,3.142,0,204,1840,1841,1842
726,162,3.142,0,204,1841,1842,-1
720,192,3.017,0,205,-1,1843,1844
719,182,3.017,0,205,1843,1844,1845
718,172,3.017,0,205,1844,1845,1846
718,162,3.017,0,205,1845,1846,-1
711,193,3.142,0,206,-1,1847,1848
711,183,3.142,0,206,1847,1848,1849
710,173,3.142,0,206,1848,1849,1850
709,163,3.142,0,206,1849,1850,1851
703,193,3.031,0,207,-1,1852,1853
702,183,3.031,0,207,1852,1853,1854
702,173,3.031,0,207,1853,1854,1855
701,163,3.031,0,207,1854,1855,1856
701,153,3.031,0,207,1855,1856,-1
694,194,3.142,0,208,-1,1857,1858
694,184,3.142,0,208,1857,1858,1859
693,174,3.142,0,208,1858,1859,1860
693,164,3.142,0,208,1859,1860,1861
693,154,3.142,0,208,1860,1861,-1
686,194,3.142,0,209,-1,1862,1863
685,184,3.142,0,209,1862,1863,1864
685,174,3.142,0,209,1863,1864,1865
685,164,3.142,0,209,1864,1865,1866
684,154,3.142,0,209,1865,1866,-1
677,194,3.017,0,210,-1,1867,1868
677,184,3.017,0,210,1867,1868,1869
677,174,3.017,0,210,1868,1869,1870
677,164,3.017,0,210,1869,1870,1871
676,154,3.017,0,210,1870,1871,-1
669,195,3.142,0,211,-1,1872,1873
669,185,3.142,0,211,1872,1873,1874
669,175,3.142,0,211,1873,1874,1875
668,165,3.142,0,211,1874,1875,1876
668,155,3.142,0,211,1875,1876,-1
661,195,3.142,0,212,-1,1877,1878
661,185,3.142,0,212,1877,1878,1879
660,175,3.142,0,212,1878,1879,1880
660,165,3.142,0,212,1879,1880,1881
660,155,3.142,0,212,1880,1881,-1
652,195,3.142,0,213,-1,1882,1883
652,185,3.142,0,213,1882,1883,1884
652,175,3.142,0,213,1883,1884,1885
652,165,3.142,0,213,1884,1885,1886
652,155,3.142,0,213,1885,1886,-1
644,195,3.142,0,214,-1,1887,1888
644,185,3.142,0,214,1887,1888,1889
644,175,3.142,0,214,1888,1889,1890
644,165,3.142,0,214,1889,1890,1891
644,155,3.142,0,214,1890,1891,-1
636,195,3.142,0,215,-1,1892,1893
636,185,3.142,0,215,1892,1893,1894
636,175,3.142,0,215,1893,1894,1895
636,165,3.142,0,215,1894,1895,1896
636,155,3.142,0,215,1895,1896,-1
628,195,3.142,0,216,-1,1897,1898
628,185,3.142,0,216,1897,1898,1899
628,175,3.142,0,216,1898,1899,1900
628,165,3.142,0,216,1899,1900,1901
628,155,3.142,0,216,1900,1901,-1
619,195,3.142,0,217,-1,1902,1903
619,185,3.142,0,217,1902,1903,1904
619,175,3.142,0,217,1903,1904,1905
620,165,3.142,0,217,1904,1905,1906
620,155,3.142,0,217,1905,1906,-1
611,195,3.142,0,218,-1,1907,1908
611,185,3.142,0,218,1907,1908,1909
611,175,3.142,0,218,1908,1909,1910
611,165,3.142,0,218,1909,1910,1911
611,155,3.142,0,218,1910,1911,-1
603,195,3.142,0,219,-1,1912,1913
603,185,3.142,0,219,1912,1913,1914
603,175,3.142,0,219,1913,1914,1915
603,165,3.142,0,219,1914,1915,1916
603,155,3.142,0,219,1915,1916,-1
594,195,-3.017,0,220,-1,1917,1918
595,185,-3.017,0,220,1917,1918,1919
595,175,-3.017,0,220,1918,1919,1920
595,165,-3.017,0,220,1919,1920,1921
595,155,-3.017,0,220,1920,1921,-1
586,194,3.142,0,221,-1,1922,1923
586,184,3.142,0,221,1922,1923,1924
587,174,3.142,0,221,1923,1924,1925
587,164,3.142,0,221,1924,1925,1926
587,154,3.142,0,221,1925,1926,-1
578,194,3.142,0,222,-1,1927,1928
578,184,3.142,0,222,1927,1928,1929
578,174,3.142,0,222,1928,1929,1930
579,164,3.142,0,222,1929,1930,1931
579,154,3.142,0,222,1930,1931,-1
570,194,3.142,0,223,-1,1932,1933
570,184,3.142,0,223,1932,1933,1934
570,174,3.142,0,223,1933,1934,1935
570,164,3.142,0,223,1934,1935,1936
571,154,3.142,0,223,1935,1936,-1
562,194,3.142,0,224,-1,1937,1938
562,184,3.142,0,224,1937,1938,1939
562,174,3.142,0,224,1938,1939,1940
562,164,3.142,0,224,1939,1940,1941
562,154,3.142,0,224,1940,1941,1942
553,194,3.142,0,225,-1,1943,1944
554,184,3.142,0,225,1943,1944,1945
554,174,3.142,0,225,1944,1945,1946
554,164,3.142,0,225,1945,1946,1947
554,154,3.142,0,225,1946,1947,1948
554,144,3.142,0,225,1947,1948,-1
545,194,3.142,0,226,-1,1949,1950
546,184,3.142,0,226,1949,1950,1951
546,174,3.142,0,226,1950,1951,1952
546,164,3.142,0,226,1951,1952,1953
546,154,3.142,0,226,1952,1953,1954
546,144,3.142,0,226,1953,1954,-1
537,194,-3.031,0,227,-1,1955,1956
537,184,-3.031,0,227,1955,1956,1957
538,174,-3.031,0,227,1956,1957,1958
538,164,-3.031,0,227,1957,1958,1959
538,154,-3.031,0,227,1958,1959,1960
538,144,-3.031,0,227,1959,1960,-1
529,193,3.142,0,228,-1,1961,1962
529,183,3.142,0,228,1961,1962,1963
529,173,3.142,0,228,1962,1963,1964
529,163,3.142,0,228,1963,1964,1965
530,153,3.142,0,228,1964,1965,1966
530,143,3.142,0,228,1965,1966,-1
521,193,3.142,0,229,-1,1967,1968
521,183,3.142,0,229,1967,1968,1969
521,173,3.142,0,229,1968,1969,1970
521,163,3.142,0,229,1969,1970,1971
521,153,3.142,0,229,1970,1971,1972
522,143,3.142,0,229,1971,1972,-1
513,193,3.142,0,230,-1,1973,1974
513,183,3.142,0,230,1973,1974,1975
513,173,3.142,0,230,1974,1975,1976
513,163,3.142,0,230,1975,1976,1977
513,153,3.142,0,230,1976,1977,1978
513,143,3.142,0,230,1977,1978,-1
505,193,3.142,0,231,-1,1979,1980
505,183,3.142,0,231,1979,1980,1981
505,173,3.142,0,231,1980,1981,1982
505,163,3.142,0,231,1981,1982,1983
505,153,3.142,0,231,1982,1983,1984
505,143,3.142,0,231,1983,1984,-1
496,193,3.142,0,232,-1,1985,1986
497,183,3.142,0,232,1985,1986,1987
497,173,3.142,0,232,1986,1987,1988
497,163,3.142,0,232,1987,1988,1989
497,153,3.142,0,232,1988,1989,1990
497,143,3.142,0,232,1989,1990,-1
488,193,3.142,0,233,-1,1991,1992
488,183,3.142,0,233,1991,1992,1993
489,173,3.142,0,233,1992,1993,1994
489,163,3.142,0,233,1993,1994,1995
489,153,3.142,0,233,1994,1995,1996
489,143,3.142,0,233,1995,1996,-1
480,193,3.142,0,234,-1,1997,1998
480,183,3.142,0,234,1997,1998,1999
480,173,3.142,0,234,1998,1999,2000
480,163,3.142,0,234,1999,2000,2001
481,153,3.142,0,234,2000,2001,2002
481,143,3.142,0,234,2001,2002,-1
472,193,3.142,0,235,-1,2003,2004
472,183,3.142,0,235,2003,2004,2005
472,173,3.142,0,235,2004,2005,2006
472,163,3.142,0,235,2005,2006,2007
472,153,3.142,0,235,2006,2007,2008
473,143,3.142,0,235,2007,2008,-1
464,193,-3.017,0,236,-1,2009,2010
464,183,-3.017,0,236,2009,2010,2011
464,173,-3.017,0,236,2010,2011,2012
464,163,-3.017,0,236,2011,2012,2013
464,153,-3.017,0,236,2012,2013,2014
464,143,-3.017,0,236,2013,2014,-1
456,192,3.142,0,237,-1,2015,2016
456,182,3.142,0,237,2015,2016,2017
456,172,3.142,0,237,2016,2017,2018
456,162,3.142,0,237,2017,2018,2019
456,152,3.142,0,237,2018,2019,2020
456,142,3.142,0,237,2019,2020,-1
448,192,3.142,0,238,-1,2021,2022
448,182,3.142,0,238,2021,2022,2023
448,172,3.142,0,238,2022,2023,2024
448,162,3.142,0,238,2023,2024,2025
448,152,3.142,0,238,2024,2025,2026
448,142,3.142,0,238,2025,2026,-1
440,192,3.142,0,239,-1,2027,2028
440,182,3.142,0,239,2027,2028,2029
440,172,3.142,0,239,2028,2029,2030
440,162,3.142,0,239,2029,2030,2031
440,152,3.142,0,239,2030,2031,2032
440,142,3.142,0,239,2031,2032,-1
431,192,3.142,0,240,-1,2033,2034
431,182,3.142,0,240,2033,2034,2035
431,172,3.142,0,240,2034,2035,2036
431,162,3.142,0,240,2035,2036,2037
432,152,3.142,0,240,2036,2037,2038
432,142,3.142,0,240,2037,2038,-1
423,192,3.142,0,241,-1,2039,2040
423,182,3.142,0,241,2039,2040,2041
423,172,3.142,0,241,2040,2041,2042
423,162,3.142,0,241,2041,2042,2043
423,152,3.142,0,241,2042,2043,2044
423,142,3.142,0,241,2043,2044,-1
415,192,3.142,0,242,-1,2045,2046
415,182,3.142,0,242,2045,2046,2047
415,172,3.142,0,242,2046,2047,2048
415,162,3.142,0,242,2047,2048,2049
415,152,3.142,0,242,2048,2049,2050
415,142,3.142,0,242,2049,2050,-1
406,192,3.142,0,243,-1,2051,2052
407,182,3.142,0,243,2051,2052,2053
407,172,3.142,0,243,2052,2053,2054
407,162,3.142,0,243,2053,2054,2055
407,152,3.142,0,243,2054,2055,2056
407,142,3.142,0,243,2055,2056,-1
398,192,3.142,0,244,-1,2057,2058
398,182,3.142,0,244,2057,2058,2059
398,172,3.142,0,244,2058,2059,2060
398,162,3.142,0,244,2059,2060,2061
398,152,3.142,0,244,2060,2061,2062
398,142,3.142,0,244,2061,2062,-1
390,192,3.142,0,245,-1,2063,2064
390,182,3.142,0,245,2063,2064,2065
390,172,3.142,0,245,2064,2065,2066
390,162,3.142,0,245,2065,2066,2067
390,152,3.142,0,245,2066,2067,2068
390,142,3.142,0,245,2067,2068,-1
381,192,3.142,0,246,-1,2069,2070
381,182,3.142,0,246,2069,2070,2071
381,172,3.142,0,246,2070,2071,2072
381,162,3.142,0,246,2071,2072,2073
382,152,3.142,0,246,2072,2073,2074
382,142,3.142,0,246,2073,2074,-1
373,192,3.142,0,247,-1,2075,2076
373,182,3.142,0,247,2075,2076,2077
373,172,3.142,0,247,2076,2077,2078
373,162,3.142,0,247,2077,2078,2079
373,152,3.142,0,247,2078,2079,2080
373,142,3.142,0,247,2079,2080,-1
364,192,3.142,0,248,-1,2081,2082
364,182,3.142,0,248,2081,2082,2083
364,172,3.142,0,248,2082,2083,2084
364,162,3.142,0,248,2083,2084,2085
364,152,3.142,0,248,2084,2085,2086
364,142,3.142,0,248,2085,2086,2087
356,192,3.142,0,249,-1,2088,2089
356,182,3.142,0,249,2088,2089,2090
356,172,3.142,0,249,2089,2090,2091
356,162,3.142,0,249,2090,2091,2092
356,152,3.142,0,249,2091,2092,2093
356,142,3.142,0,249,2092,2093,2094
356,132,3.142,0,249,2093,2094,-1
347,192,3.142,0,250,-1,2095,2096
347,182,3.142,0,250,2095,2096,2097
347,172,3.142,0,250,2096,2097,2098
347,162,3.142,0,250,2097,2098,2099
347,152,3.142,0,250,2098,2099,2100
347,142,3.142,0,250,2099,2100,2101
347,132,3.142,0,250,2100,2101,-1
339,192,3.142,0,251,-1,2102,2103
339,182,3.142,0,251,2102,2103,2104
338,172,3.142,0,251,2103,2104,2105
338,162,3.142,0,251,2104,2105,2106
338,152,3.142,0,251,2105,2106,2107
338,142,3.142,0,251,2106,2107,2108
338,132,3.142,0,251,2107,2108,-1
330,192,3.142,0,252,-1,2109,2110
330,182,3.142,0,252,2109,2110,2111
330,172,3.142,0,252,2110,2111,2112
330,162,3.142,0,252,2111,2112,2113
330,152,3.142,0,252,2112,2113,2114
329,142,3.142,0,252,2113,2114,2115
329,132,3.142,0,252,2114,2115,-1
321,192,3.142,0,253,-1,2116,2117
321,182,3.142,0,253,2116,2117,2118
321,172,3.142,0,253,2117,2118,2119
321,162,3.142,0,253,2118,2119,2120
321,152,3.142,0,253,2119,2120,2121
321,142,3.142,0,253,2120,2121,2122
320,132,3.142,0,253,2121,2122,-1
313,192,3.142,0,254,-1,2123,2124
312,182,3.142,0,254,2123,2124,2125
312,172,3.142,0,254,2124,2125,2126
312,162,3.142,0,254,2125,2126,2127
312,152,3.142,0,254,2126,2127,2128
312,142,3.142,0,254,2127,2128,2129
311,132,3.142,0,254,2128,2129,-1
304,192,3.017,0,255,-1,2130,2131
304,182,3.017,0,255,2130,2131,2132
303,172,3.017,0,255,2131,2132,2133
303,162,3.017,0,255,2132,2133,2134
303,152,3.017,0,255,2133,2134,2135
303,142,3.017,0,255,2134,2135,2136
302,132,3.017,0,255,2135,2136,-1
295,193,3.142,0,256,-1,2137,2138
295,183,3.142,0,256,2137,2138,2139
295,173,3.142,0,256,2138,2139,2140
294,163,3.142,0,256,2139,2140,2141
294,153,3.142,0,256,2140,2141,2142
294,143,3.142,0,256,2141,2142,2143
293,133,3.142,0,256,2142,2143,-1
287,193,3.142,0,257,-1,2144,2145
286,183,3.142,0,257,2144,2145,2146
286,173,3.142,0,257,2145,2146,2147
285,163,3.142,0,257,2146,2147,2148
285,153,3.142,0,257,2147,2148,2149
285,143,3.142,0,257,2148,2149,2150
284,133,3.142,0,257,2149,2150,-1
278,193,3.031,0,258,-1,2151,2152
278,183,3.031,0,258,2151,2152,2153
277,173,3.031,0,258,2152,2153,2154
276,163,3.031,0,258,2153,2154,2155
276,153,3.031,0,258,2154,2155,2156
275,143,3.031,0,258,2155,2156,2157
275,133,3.031,0,258,2156,2157,-1
270,194,3.142,0,259,-1,2158,2159
269,184,3.142,0,259,2158,2159,2160
268,174,3.142,0,259,2159,2160,2161
268,164,3.142,0,259,2160,2161,2162
267,154,3.142,0,259,2161,2162,2163
266,144,3.142,0,259,2162,2163,2164
266,134,3.142,0,259,2163,2164,2165
261,194,3.017,-2,260,-1,2166,2167
260,184,3.017,-1,260,2166,2167,2168
259,174,3.017,0,260,2167,2168,2169
259,164,3.017,1,260,2168,2169,2170
258,154,3.017,2,260,2169,2170,2171
257,144,3.017,3,260,2170,2171,2172
256,134,3.017,4,260,2171,2172,2173
255,125,3.017,5,260,2172,2173,-1
252,195,3.031,-2,261,-1,2174,2175
252,185,3.031,-1,261,2174,2175,2176
251,175,3.031,0,261,2175,2176,2177
250,165,3.031,1,261,2176,2177,2178
249,155,3.031,2,261,2177,2178,2179
248,145,3.031,3,261,2178,2179,2180
247,135,3.031,4,261,2179,2180,2181
246,125,3.031,5,261,2180,2181,-1
244,196,3.031,-2,262,-1,2182,2183
243,186,3.031,-1,262,2182,2183,2184
242,176,3.031,0,262,2183,2184,2185
241,166,3.031,1,262,2184,2185,2186
240,156,3.031,2,262,2185,2186,2187
238,146,3.031,3,262,2186,2187,2188
237,136,3.031,4,262,2187,2188,2189
236,126,3.031,5,262,2188,2189,-1
236,197,3.031,-2,263,-1,2190,2191
234,187,3.031,-1,263,2190,2191,2192
233,177,3.031,0,263,2191,2192,2193
232,167,3.031,1,263,2192,2193,2194
230,157,3.031,2,263,2193,2194,2195
229,147,3.031,3,263,2194,2195,2196
228,137,3.031,4,263,2195,2196,2197
226,127,3.031,5,263,2196,2197,-1
227,198,3.017,-2,264,-1,2198,2199
226,188,3.017,-1,264,2198,2199,2200
224,178,3.017,0,264,2199,2200,2201
223,168,3.017,1,264,2200,2201,2202
221,158,3.017,2,264,2201,2202,2203
220,148,3.017,3,264,2202,2203,2204
218,139,3.017,4,264,2203,2204,2205
217,129,3.017,5,264,2204,2205,-1
219,199,2.923,-2,265,-1,2206,2207
217,189,2.923,-1,265,2206,2207,2208
216,179,2.923,0,265,2207,2208,2209
214,170,2.923,1,265,2208,2209,2210
212,160,2.923,2,265,2209,2210,2211
210,150,2.923,3,265,2210,2211,2212
208,140,2.923,4,265,2211,2212,2213
207,130,2.923,5,265,2212,2213,-1
211,201,2.923,-2,266,-1,2214,2215
209,191,2.923,-1,266,2214,2215,2216
207,181,2.923,0,266,2215,2216,2217
205,171,2.923,1,266,2216,2217,2218
203,161,2.923,2,266,2217,2218,2219
201,152,2.923,3,266,2218,2219,2220
199,142,2.923,4,266,2219,2220,2221
197,132,2.923,5,266,2220,2221,-1
203,202,2.897,-2,267,-1,2222,2223
200,193,2.897,-1,267,2222,2223,2224
198,183,2.897,0,267,2223,2224,2225
196,173,2.897,1,267,2224,2225,2226
194,163,2.897,2,267,2225,2226,2227
191,154,2.897,3,267,2226,2227,2228
189,144,2.897,4,267,2227,2228,2229
187,134,2.897,5,267,2228,2229,-1
195,204,2.923,-2,268,-1,2230,2231
192,194,2.923,-1,268,2230,2231,2232
190,185,2.923,0,268,2231,2232,2233
187,175,2.923,1,268,2232,2233,2234
184,165,2.923,2,268,2233,2234,2235
182,156,2.923,3,268,2234,2235,2236
179,146,2.923,4,268,2235,2236,2237
177,136,2.923,5,268,2236,2237,-1
187,206,2.783,-2,269,-1,-1,2238
184,197,2.783,-1,269,-1,2238,2239
181,187,2.783,0,269,2238,2239,2240
178,177,2.783,1,269,2239,2240,2241
175,168,2.783,2,269,2240,2241,2242
172,158,2.783,3,269,2241,2242,2243
170,149,2.783,4,269,2242,2243,2244
167,139,2.783,5,269,2243,2244,-1
176,199,2.923,-1,270,-1,2245,2246
173,190,2.923,0,270,2245,2246,2247
169,180,2.923,1,270,2246,2247,2248
166,171,2.923,2,270,2247,2248,2249
163,161,2.923,3,270,2248,2249,2250
160,152,2.923,4,270,2249,2250,2251
157,142,2.923,5,270,2250,2251,-1
168,202,2.678,-1,271,-1,2252,2253
164,192,2.678,0,271,2252,2253,2254
161,183,2.678,1,271,2253,2254,2255
157,174,2.678,2,271,2254,2255,2256
154,164,2.678,3,271,2255,2256,2257
150,155,2.678,4,271,2256,2257,2258
147,146,2.678,5,271,2257,2258,-1
160,205,2.783,-1,272,-1,-1,2259
156,196,2.783,0,272,-1,2259,2260
152,186,2.783,1,272,2259,2260,2261
148,177,2.783,2,272,2260,2261,2262
144,168,2.783,3,272,2261,2262,2263
140,159,2.783,4,272,2262,2263,2264
137,149,2.783,5,272,2263,2264,-1
148,199,2.723,0,273,-1,2265,2266
143,190,2.723,1,273,2265,2266,2267
139,181,2.723,2,273,2266,2267,2268
135,172,2.723,3,273,2267,2268,2269
131,163,2.723,4,273,2268,2269,2270
127,154,2.723,5,273,2269,2270,-1
139,203,2.622,0,274,-1,2271,2272
135,194,2.622,1,274,2271,2272,2273
130,185,2.622,2,274,2272,2273,2274
126,176,2.622,3,274,2273,2274,2275
121,167,2.622,4,274,2274,2275,2276
117,158,2.622,5,274,2275,2276,2277
132,207,2.678,0,275,-1,2278,2279
127,198,2.678,1,275,2278,2279,2280
122,189,2.678,2,275,2279,2280,2281
117,181,2.678,3,275,2280,2281,2282
112,172,2.678,4,275,2281,2282,2283
107,163,2.678,5,275,2282,2283,2284
102,155,2.678,6,275,2283,2284,-1
124,211,2.583,0,276,-1,2285,2286
118,203,2.583,1,276,2285,2286,2287
113,194,2.583,2,276,2286,2287,2288
108,186,2.583,3,276,2287,2288,2289
102,177,2.583,4,276,2288,2289,2290
97,169,2.583,5,276,2289,2290,2291
92,160,2.583,6,276,2290,2291,2292
116,216,2.521,0,277,-1,2293,2294
110,208,2.521,1,277,2293,2294,2295
105,200,2.521,2,277,2294,2295,2296
99,191,2.521,3,277,2295,2296,2297
93,183,2.521,4,277,2296,2297,2298
87,175,2.521,5,277,2297,2298,2299
82,167,2.521,6,277,2298,2299,2300
76,159,2.521,7,277,2299,2300,-1
109,221,2.498,0,278,-1,2301,2302
103,213,2.498,1,278,2301,2302,2303
96,205,2.498,2,278,2302,2303,2304
90,197,2.498,3,278,2303,2304,2305
84,189,2.498,4,278,2304,2305,2306
78,182,2.498,5,278,2305,2306,2307
72,174,2.498,6,278,2306,2307,2308
66,166,2.498,7,278,2307,2308,-1
101,227,2.356,0,279,-1,2309,2310
95,219,2.356,1,279,2309,2310,2311
88,211,2.356,2,279,2310,2311,2312
82,204,2.356,3,279,2311,2312,2313
75,196,2.356,4,279,2312,2313,2314
69,189,2.356,5,279,2313,2314,2315
62,181,2.356,6,279,2314,2315,2316
56,173,2.356,7,279,2315,2316,-1
95,233,2.433,0,280,-1,2317,2318
88,225,2.433,1,280,2317,2318,2319
81,218,2.433,2,280,2318,2319,2320
74,211,2.433,3,280,2319,2320,2321
67,204,2.433,4,280,2320,2321,2322
60,196,2.433,5,280,2321,2322,2323
53,189,2.433,6,280,2322,2323,2324
46,182,2.433,7,280,2323,2324,-1
88,239,2.279,0,281,-1,2325,2326
81,232,2.279,1,281,2325,2326,2327
73,225,2.279,2,281,2326,2327,2328
66,218,2.279,3,281,2327,2328,2329
59,211,2.279,4,281,2328,2329,2330
52,205,2.279,5,281,2329,2330,2331
44,198,2.279,6,281,2330,2331,2332
37,191,2.279,7,281,2331,2332,-1
82,246,2.279,0,282,-1,2333,2334
74,239,2.279,1,282,2333,2334,2335
66,233,2.279,2,282,2334,2335,2336
59,226,2.279,3,282,2335,2336,2337
51,220,2.279,4,282,2336,2337,2338
43,213,2.279,5,282,2337,2338,2339
36,207,2.279,6,282,2338,2339,2340
28,200,2.279,7,282,2339,2340,-1
76,253,2.279,0,283,2341,2342,2343
68,247,2.279,1,283,2342,2343,2344
60,241,2.279,2,283,2343,2344,2345
52,235,2.279,3,283,2344,2345,2346
44,229,2.279,4,283,2345,2346,2347
36,223,2.279,5,283,2346,2347,2348
28,216,2.279,6,283,2347,2348,-1
20,210,2.279,7,283,2348,-1,-1
78,265,2.129,-1,284,-1,2349,2350
70,260,2.129,0,284,2349,2350,2351
62,254,2.129,1,284,2350,2351,2352
53,249,2.129,2,284,2351,2352,2353
45,243,2.129,3,284,2352,2353,2354
37,238,2.129,4,284,2353,2354,2355
28,232,2.129,5,284,2354,2355,-1
20,227,2.129,6,284,2355,-1,-1
74,273,2.129,-1,285,2356,2357,2358
65,268,2.129,0,285,2357,2358,2359
56,263,2.129,1,285,2358,2359,2360
48,258,2.129,2,285,2359,2360,2361
39,253,2.129,3,285,2360,2361,2362
30,248,2.129,4,285,2361,2362,-1
22,243,2.129,5,285,2362,-1,-1
78,285,2.034,-2,286,2363,2364,2365
69,280,2.034,-1,286,2364,2365,2366
60,276,2.034,0,286,2365,2366,2367
51,271,2.034,1,286,2366,2367,2368
42,267,2.034,2,286,2367,2368,2369
33,262,2.034,3,286,2368,2369,-1
25,258,2.034,4,286,2369,-1,-1
84,296,1.893,-3,287,2370,2371,2372
75,292,1.893,-2,287,2371,2372,2373
65,288,1.893,-1,287,2372,2373,2374
56,284,1.893,0,287,2373,2374,2375
47,280,1.893,1,287,2374,2375,2376
38,276,1.893,2,287,2375,2376,-1
29,272,1.893,3,287,2376,-1,-1
90,306,2.034,-4,288,-1,2377,2378
81,302,2.034,-3,288,2377,2378,2379
71,299,2.034,-2,288,2378,2379,2380
62,296,2.034,-1,288,2379,2380,2381
53,293,2.034,0,288,2380,2381,2382
43,289,2.034,1,288,2381,2382,-1
34,286,2.034,2,288,2382,-1,-1
88,312,1.789,-4,289,2383,2384,2385
78,309,1.789,-3,289,2384,2385,2386
69,307,1.789,-2,289,2385,2386,2387
59,304,1.789,-1,289,2386,2387,2388
49,301,1.789,0,289,2387,2388,2389
40,299,1.789,1,289,2388,2389,-1
96,321,1.789,-5,290,2390,2391,2392
86,319,1.789,-4,290,2391,2392,2393
76,316,1.789,-3,290,2392,2393,2394
66,314,1.789,-2,290,2393,2394,2395
57,312,1.789,-1,290,2394,2395,2396
47,310,1.789,0,290,2395,2396,2397
37,308,1.789,1,290,2396,2397,-1
104,328,1.681,-6,291,-1,2398,2399
94,327,1.681,-5,291,2398,2399,2400
85,325,1.681,-4,291,2399,2400,2401
75,324,1.681,-3,291,2400,2401,2402
65,322,1.681,-2,291,2401,2402,2403
55,321,1.681,-1,291,2402,2403,2404
45,319,1.681,0,291,2403,2404,-1
35,318,1.681,1,291,2404,-1,-1
103,333,1.67,-6,292,-1,2405,2406
93,333,1.67,-5,292,2405,2406,2407
83,332,1.67,-4,292,2406,2407,2408
73,331,1.67,-3,292,2407,2408,2409
64,330,1.67,-2,292,2408,2409,2410
54,329,1.67,-1,292,2409,2410,2411
44,328,1.67,0,292,2410,2411,-1
103,339,1.571,-6,293,-1,2412,2413
93,339,1.571,-5,293,2412,2413,2414
83,338,1.571,-4,293,2413,2414,2415
73,338,1.571,-3,293,2414,2415,2416
63,338,1.571,-2,293,2415,2416,2417
53,338,1.571,-1,293,2416,2417,2418
43,338,1.571,0,293,2417,2418,-1
103,345,1.571,-6,294,-1,2419,2420
93,345,1.571,-5,294,2419,2420,2421
83,345,1.571,-4,294,2420,2421,2422
73,346,1.571,-3,294,2421,2422,2423
63,346,1.571,-2,294,2422,2423,2424
53,346,1.571,-1,294,2423,2424,2425
43,347,1.571,0,294,2424,2425,-1
103,350,1.46,-6,295,-1,2426,2427
93,351,1.46,-5,295,2426,2427,2428
83,352,1.46,-4,295,2427,2428,2429
73,353,1.46,-3,295,2428,2429,2430
63,354,1.46,-2,295,2429,2430,2431
53,355,1.46,-1,295,2430,2431,2432
43,356,1.46,0,295,2431,2432,-1
103,356,1.46,-6,296,-1,2433,2434
93,358,1.46,-5,296,2433,2434,2435
83,359,1.46,-4,296,2434,2435,2436
73,361,1.46,-3,296,2435,2436,2437
64,362,1.46,-2,296,2436,2437,2438
54,363,1.46,-1,296,2437,2438,2439
44,365,1.46,0,296,2438,2439,-1
104,362,1.352,-6,297,-1,2440,2441
94,364,1.352,-5,297,2440,2441,2442
84,366,1.352,-4,297,2441,2442,2443
75,368,1.352,-3,297,2442,2443,2444
65,370,1.352,-2,297,2443,2444,2445
55,372,1.352,-1,297,2444,2445,2446
45,374,1.352,0,297,2445,2446,-1
105,369,1.352,-6,298,-1,2447,2448
95,371,1.352,-5,298,2447,2448,2449
86,373,1.352,-4,298,2448,2449,2450
76,376,1.352,-3,298,2449,2450,2451
66,378,1.352,-2,298,2450,2451,2452
57,380,1.352,-1,298,2451,2452,2453
47,383,1.352,0,298,2452,2453,-1
107,375,1.326,-6,299,-1,2454,2455
97,378,1.326,-5,299,2454,2455,2456
87,381,1.326,-4,299,2455,2456,2457
78,383,1.326,-3,299,2456,2457,2458
68,386,1.326,-2,299,2457,2458,2459
59,389,1.326,-1,299,2458,2459,2460
49,392,1.326,0,299,2459,2460,-1
109,382,1.249,-6,300,-1,2461,2462
99,385,1.249,-5,300,2461,2462,2463
89,388,1.249,-4,300,2462,2463,2464
80,391,1.249,-3,300,2463,2464,2465
70,394,1.249,-2,300,2464,2465,2466
61,397,1.249,-1,300,2465,2466,2467
51,400,1.249,0,300,2466,2467,-1
111,389,1.212,-6,301,-1,2468,2469
101,393,1.212,-5,301,2468,2469,2470
92,396,1.212,-4,301,2469,2470,2471
82,399,1.212,-3,301,2470,2471,2472
73,402,1.212,-2,301,2471,2472,2473
63,406,1.212,-1,301,2472,2473,2474
54,409,1.212,0,301,2473,2474,-1
113,397,1.249,-6,302,-1,2475,2476
104,400,1.249,-5,302,2475,2476,2477
95,404,1.249,-4,302,2476,2477,2478
85,407,1.249,-3,302,2477,2478,2479
76,410,1.249,-2,302,2478,2479,2480
66,414,1.249,-1,302,2479,2480,2481
57,417,1.249,0,302,2480,2481,-1
116,405,1.212,-6,303,-1,2482,2483
107,408,1.212,-5,303,2482,2483,2484
97,412,1.212,-4,303,2483,2484,2485
88,415,1.212,-3,303,2484,2485,2486
79,419,1.212,-2,303,2485,2486,2487
69,422,1.212,-1,303,2486,2487,2488
60,426,1.212,0,303,2487,2488,-1
119,412,1.212,-6,304,-1,2489,2490
110,416,1.212,-5,304,2489,2490,2491
100,420,1.212,-4,304,2490,2491,2492
91,423,1.212,-3,304,2491,2492,2493
82,427,1.212,-2,304,2492,2493,2494
72,430,1.212,-1,304,2493,2494,2495
63,434,1.212,0,304,2494,2495,-1
122,421,1.153,-6,305,-1,2496,2497
113,424,1.153,-5,305,2496,2497,2498
104,428,1.153,-4,305,2497,2498,2499
94,431,1.153,-3,305,2498,2499,2500
85,435,1.153,-2,305,2499,2500,2501
76,439,1.153,-1,305,2500,2501,2502
66,442,1.153,0,305,2501,2502,-1
125,429,1.212,-6,306,-1,2503,2504
116,432,1.212,-5,306,2503,2504,2505
107,436,1.212,-4,306,2504,2505,2506
97,440,1.212,-3,306,2505,2506,2507
88,443,1.212,-2,306,2506,2507,2508
79,447,1.212,-1,306,2507,2508,2509
70,451,1.212,0,306,2508,2509,-1
129,437,1.212,-6,307,-1,2510,2511
119,441,1.212,-5,307,2510,2511,2512
110,444,1.212,-4,307,2511,2512,2513
101,448,1.212,-3,307,2512,2513,2514
91,452,1.212,-2,307,2513,2514,2515
82,455,1.212,-1,307,2514,2515,2516
73,459,1.212,0,307,2515,2516,2517
132,445,1.249,-6,308,-1,2518,2519
123,449,1.249,-5,308,2518,2519,2520
113,453,1.249,-4,308,2519,2520,2521
104,456,1.249,-3,308,2520,2521,2522
95,460,1.249,-2,308,2521,2522,2523
85,464,1.249,-1,308,2522,2523,2524
76,467,1.249,0,308,2523,2524,2525
67,471,1.249,1,308,2524,2525,-1
135,453,1.107,-6,309,-1,2526,2527
126,457,1.107,-5,309,2526,2527,2528
117,461,1.107,-4,309,2527,2528,2529
107,465,1.107,-3,309,2528,2529,2530
98,468,1.107,-2,309,2529,2530,2531
89,472,1.107,-1,309,2530,2531,2532
79,476,1.107,0,309,2531,2532,2533
70,479,1.107,1,309,2532,2533,-1
138,462,1.212,-6,310,-1,2534,2535
129,465,1.212,-5,310,2534,2535,2536
120,469,1.212,-4,310,2535,2536,2537
111,473,1.212,-3,310,2536,2537,2538
101,477,1.212,-2,310,2537,2538,2539
92,480,1.212,-1,310,2538,2539,2540
83,484,1.212,0,310,2539,2540,2541
73,488,1.212,1,310,2540,2541,-1
142,470,1.249,-6,311,-1,-1,2542
132,474,1.249,-5,311,-1,2542,2543
123,477,1.249,-4,311,2542,2543,2544
114,481,1.249,-3,311,2543,2544,2545
105,485,1.249,-2,311,2544,2545,2546
95,489,1.249,-1,311,2545,2546,2547
86,492,1.249,0,311,2546,2547,2548
77,496,1.249,1,311,2547,2548,2549
136,482,1.107,-5,312,-1,2550,2551
126,485,1.107,-4,312,2550,2551,2552
117,489,1.107,-3,312,2551,2552,2553
108,493,1.107,-2,312,2552,2553,2554
99,497,1.107,-1,312,2553,2554,2555
89,501,1.107,0,312,2554,2555,2556
80,505,1.107,1,312,2555,2556,2557
71,508,1.107,2,312,2556,2557,-1
139,490,1.107,-5,313,-1,2558,2559
130,493,1.107,-4,313,2558,2559,2560
121,497,1.107,-3,313,2559,2560,2561
111,501,1.107,-2,313,2560,2561,2562
102,505,1.107,-1,313,2561,2562,2563
93,509,1.107,0,313,2562,2563,2564
84,513,1.107,1,313,2563,2564,2565
75,517,1.107,2,313,2564,2565,-1
142,498,1.249,-5,314,-1,2566,2567
133,502,1.249,-4,314,2566,2567,2568
124,506,1.249,-3,314,2567,2568,2569
115,509,1.249,-2,314,2568,2569,2570
106,513,1.249,-1,314,2569,2570,2571
97,517,1.249,0,314,2570,2571,2572
87,521,1.249,1,314,2571,2572,2573
78,525,1.249,2,314,2572,2573,-1
146,506,1.153,-5,315,-1,2574,2575
137,510,1.153,-4,315,2574,2575,2576
128,514,1.153,-3,315,2575,2576,2577
118,518,1.153,-2,315,2576,2577,2578
109,522,1.153,-1,315,2577,2578,2579
100,526,1.153,0,315,2578,2579,2580
91,530,1.153,1,315,2579,2580,2581
82,534,1.153,2,315,2580,2581,-1
150,514,1.107,-5,316,-1,2582,2583
140,518,1.107,-4,316,2582,2583,2584
131,522,1.107,-3,316,2583,2584,2585
122,526,1.107,-2,316,2584,2585,2586
113,530,1.107,-1,316,2585,2586,2587
104,535,1.107,0,316,2586,2587,2588
95,539,1.107,1,316,2587,2588,2589
86,543,1.107,2,316,2588,2589,2590
153,522,1.107,-5,317,-1,2591,2592
144,527,1.107,-4,317,2591,2592,2593
135,531,1.107,-3,317,2592,2593,2594
126,535,1.107,-2,317,2593,2594,2595
117,539,1.107,-1,317,2594,2595,2596
108,543,1.107,0,317,2595,2596,2597
99,548,1.107,1,317,2596,2597,2598
90,552,1.107,2,317,2597,2598,2599
81,556,1.107,3,317,2598,2599,-1
158,531,1.19,-5,318,-1,-1,2600
149,536,1.19,-4,318,-1,2600,2601
140,540,1.19,-3,318,2600,2601,2602
131,544,1.19,-2,318,2601,2602,2603
122,549,1.19,-1,318,2602,2603,2604
113,553,1.19,0,318,2603,2604,2605
103,557,1.19,1,318,2604,2605,2606
94,562,1.19,2,318,2605,2606,2607
85,566,1.19,3,318,2606,2607,-1
153,545,1.071,-4,319,-1,2608,2609
144,550,1.071,-3,319,2608,2609,2610
135,554,1.071,-2,319,2609,2610,2611
126,559,1.071,-1,319,2610,2611,2612
117,563,1.071,0,319,2611,2612,2613
108,567,1.071,1,319,2612,2613,2614
99,572,1.071,2,319,2613,2614,2615
90,576,1.071,3,319,2614,2615,2616
159,556,1.138,-4,320,-1,2617,2618
150,561,1.138,-3,320,2617,2618,2619
141,565,1.138,-2,320,2618,2619,2620
132,570,1.138,-1,320,2619,2620,2621
123,574,1.138,0,320,2620,2621,2622
114,579,1.138,1,320,2621,2622,2623
105,583,1.138,2,320,2622,2623,2624
96,588,1.138,3,320,2623,2624,2625
87,592,1.138,4,320,2624,2625,-1
165,569,1.107,-4,321,-1,2626,2627
156,573,1.107,-3,321,2626,2627,2628
147,578,1.107,-2,321,2627,2628,2629
138,582,1.107,-1,321,2628,2629,2630
129,587,1.107,0,321,2629,2630,2631
120,591,1.107,1,321,2630,2631,2632
111,596,1.107,2,321,2631,2632,2633
102,601,1.107,3,321,2632,2633,2634
94,605,1.107,4,321,2633,2634,2635
171,573,1.107,-4,322,-1,0,1
163,578,1.107,-3,322,0,1,2
154,583,1.107,-2,322,1,2,3
146,588,1.107,-1,322,2,3,4
137,593,1.107,0,322,3,4,5
128,598,1.107,1,322,4,5,6
120,603,1.107,2,322,5,6,7
111,609,1.107,3,322,6,7,8
103,612,1.107,4,322,7,8,9
94,617,1.107,5,322,8,9,-1
